{
  "Q1": {
    "query_id": 1,
    "status": "success",
    "execution_time": 4.0131940841674805,
    "token_usage": 3275.0,
    "money_cost": 0.00051015,
    "row_count": 5,
    "model_name": "gemini-2.5-flash",
    "concurrent_llm_worker": 20,
    "precision": 1.0,
    "recall": 1.0,
    "f1_score": 1.0
  },
  "Q2": {
    "query_id": 2,
    "status": "success",
    "execution_time": 16.500307083129883,
    "token_usage": 11157.0,
    "money_cost": 0.0017383499999999992,
    "row_count": 5,
    "model_name": "gemini-2.5-flash",
    "concurrent_llm_worker": 20,
    "precision": 0.8,
    "recall": 0.8,
    "f1_score": 0.8000000000000002
  },
  "Q3": {
    "query_id": 3,
    "status": "success",
    "execution_time": 3.603560209274292,
    "token_usage": 27994.0,
    "money_cost": 0.004361100000000001,
    "row_count": 1,
    "model_name": "gemini-2.5-flash",
    "concurrent_llm_worker": 20,
    "relative_error": 0.14285714285714285,
    "absolute_error": 2.0,
    "mean_absolute_percentage_error": 14.285714285714285
  },
  "Q4": {
    "query_id": 4,
    "status": "success",
    "execution_time": 4.423048496246338,
    "token_usage": 46832.0,
    "money_cost": 0.007995899999999998,
    "row_count": 1,
    "model_name": "gemini-2.5-flash",
    "concurrent_llm_worker": 20,
    "relative_error": 0.0714285746216774,
    "absolute_error": 0.008333333830038744,
    "mean_absolute_percentage_error": 7.14285746216774
  },
  "Q5": {
    "query_id": 5,
    "status": "success",
    "execution_time": 1.9781649112701416,
    "token_usage": 37440.0,
    "money_cost": 0.005751000000000003,
    "row_count": 10,
    "model_name": "gemini-2.5-flash",
    "concurrent_llm_worker": 20,
    "precision": 0.4,
    "recall": 0.4,
    "f1_score": 0.4000000000000001
  },
  "Q6": {
    "query_id": 6,
    "status": "success",
    "execution_time": 2.0912880897521973,
    "token_usage": 37340.0,
    "money_cost": 0.005736000000000001,
    "row_count": 10,
    "model_name": "gemini-2.5-flash",
    "concurrent_llm_worker": 20,
    "precision": 0.4444444444444444,
    "recall": 0.4,
    "f1_score": 0.4210526315789474
  },
  "Q7": {
    "query_id": 7,
    "status": "success",
    "execution_time": 1127.8885457515717,
    "token_usage": 24287232.0,
    "money_cost": 3.7315583999998805,
    "row_count": 28001,
    "model_name": "gemini-2.5-flash",
    "concurrent_llm_worker": 20,
    "precision": 0.6014370245139475,
    "recall": 0.695503421309873,
    "f1_score": 0.6450589301903898
  },
  "Q8": {
    "query_id": 8,
    "status": "success",
    "execution_time": 4.839987516403198,
    "token_usage": 45746.0,
    "money_cost": 0.0078303,
    "row_count": 2,
    "model_name": "gemini-2.5-flash",
    "concurrent_llm_worker": 20,
    "relative_error": 0.04043126684636118,
    "absolute_error": 2.0,
    "mean_absolute_percentage_error": 4.0431266846361185
  },
  "Q9": {
    "query_id": 9,
    "status": "success",
    "execution_time": 6.474512815475464,
    "token_usage": 131806.0,
    "money_cost": 0.021852599999999976,
    "row_count": 256,
    "model_name": "gemini-2.5-flash",
    "concurrent_llm_worker": 20,
    "spearman_correlation": 0.7591004828566364,
    "kendall_tau": 0.6651193108324109
  },
  "Q10": {
    "query_id": 10,
    "status": "failed",
    "execution_time": 0.0,
    "error": "No columns to parse from file",
    "row_count": 0,
    "model_name": "gemini-2.5-flash",
    "concurrent_llm_worker": 20
  }
}