{
  "Q1": {
    "query_id": 1,
    "status": "success",
    "execution_time": 3.715320348739624,
    "token_usage": 2806.0,
    "money_cost": 0.00043709999999999995,
    "row_count": 5,
    "model_name": "gemini-2.5-flash",
    "concurrent_llm_worker": 20,
    "precision": 1.0,
    "recall": 1.0,
    "f1_score": 1.0
  },
  "Q2": {
    "query_id": 2,
    "status": "success",
    "execution_time": 11.489638566970825,
    "token_usage": 7720.0,
    "money_cost": 0.0012025499999999997,
    "row_count": 5,
    "model_name": "gemini-2.5-flash",
    "concurrent_llm_worker": 20,
    "precision": 0.6,
    "recall": 0.6,
    "f1_score": 0.6
  },
  "Q3": {
    "query_id": 3,
    "status": "success",
    "execution_time": 4.047213792800903,
    "token_usage": 27994.0,
    "money_cost": 0.004361100000000001,
    "row_count": 1,
    "model_name": "gemini-2.5-flash",
    "concurrent_llm_worker": 20,
    "relative_error": 0.14285714285714285,
    "absolute_error": 2.0,
    "mean_absolute_percentage_error": 14.285714285714285
  },
  "Q4": {
    "query_id": 4,
    "status": "success",
    "execution_time": 4.740434408187866,
    "token_usage": 46830.0,
    "money_cost": 0.0079947,
    "row_count": 1,
    "model_name": "gemini-2.5-flash",
    "concurrent_llm_worker": 20,
    "relative_error": 0.0714285746216774,
    "absolute_error": 0.008333333830038744,
    "mean_absolute_percentage_error": 7.14285746216774
  },
  "Q5": {
    "query_id": 5,
    "status": "success",
    "execution_time": 2.0296473503112793,
    "token_usage": 37440.0,
    "money_cost": 0.005751,
    "row_count": 10,
    "model_name": "gemini-2.5-flash",
    "concurrent_llm_worker": 20,
    "precision": 0.5,
    "recall": 0.5,
    "f1_score": 0.5
  },
  "Q6": {
    "query_id": 6,
    "status": "success",
    "execution_time": 2.098215341567993,
    "token_usage": 37340.0,
    "money_cost": 0.005735999999999999,
    "row_count": 10,
    "model_name": "gemini-2.5-flash",
    "concurrent_llm_worker": 20,
    "precision": 0.7,
    "recall": 0.7,
    "f1_score": 0.7
  },
  "Q7": {
    "query_id": 7,
    "status": "success",
    "execution_time": 1112.0321867465973,
    "token_usage": 24287232.0,
    "money_cost": 3.7315583999998663,
    "row_count": 28003,
    "model_name": "gemini-2.5-flash",
    "concurrent_llm_worker": 20,
    "precision": 0.6008030431107354,
    "recall": 0.694770283479961,
    "f1_score": 0.6443789664551224
  },
  "Q8": {
    "query_id": 8,
    "status": "success",
    "execution_time": 4.2784953117370605,
    "token_usage": 45748.0,
    "money_cost": 0.0078315,
    "row_count": 2,
    "model_name": "gemini-2.5-flash",
    "concurrent_llm_worker": 20,
    "relative_error": 0.04043126684636118,
    "absolute_error": 2.0,
    "mean_absolute_percentage_error": 4.0431266846361185
  },
  "Q9": {
    "query_id": 9,
    "status": "success",
    "execution_time": 5.884885787963867,
    "token_usage": 131808.0,
    "money_cost": 0.02185379999999999,
    "row_count": 256,
    "model_name": "gemini-2.5-flash",
    "concurrent_llm_worker": 20,
    "spearman_correlation": 0.7591004828566364,
    "kendall_tau": 0.6651193108324109
  },
  "Q10": {
    "query_id": 10,
    "status": "failed",
    "execution_time": 0.0,
    "error": "No columns to parse from file",
    "row_count": 0,
    "model_name": "gemini-2.5-flash",
    "concurrent_llm_worker": 20
  }
}