{
  "Q1": {
    "query_id": 1,
    "status": "success",
    "execution_time": 3.907125949859619,
    "token_usage": 2890.0,
    "money_cost": 0.0009745000000000001,
    "row_count": 5,
    "model_name": "gemini-2.5-flash",
    "concurrent_llm_worker": 20,
    "precision": 1.0,
    "recall": 1.0,
    "f1_score": 1.0
  },
  "Q2": {
    "query_id": 2,
    "status": "success",
    "execution_time": 64.52222299575806,
    "token_usage": 20509.0,
    "money_cost": 0.006933249999999999,
    "row_count": 5,
    "model_name": "gemini-2.5-flash",
    "concurrent_llm_worker": 20,
    "precision": 1.0,
    "recall": 1.0,
    "f1_score": 1.0
  },
  "Q3": {
    "query_id": 3,
    "status": "success",
    "execution_time": 9.906415700912476,
    "token_usage": 28744.0,
    "money_cost": 0.009706000000000001,
    "row_count": 1,
    "model_name": "gemini-2.5-flash",
    "concurrent_llm_worker": 20,
    "relative_error": 0.5,
    "absolute_error": 7.0,
    "mean_absolute_percentage_error": 50.0
  },
  "Q4": {
    "query_id": 4,
    "status": "success",
    "execution_time": 11.23366665840149,
    "token_usage": 46427.0,
    "money_cost": 0.015671999999999995,
    "row_count": 1,
    "model_name": "gemini-2.5-flash",
    "concurrent_llm_worker": 20,
    "relative_error": 0.27819550037384033,
    "absolute_error": 0.032456139854171756,
    "mean_absolute_percentage_error": 27.819550037384033
  },
  "Q5": {
    "query_id": 5,
    "status": "success",
    "execution_time": 9.24629545211792,
    "token_usage": 36918.0,
    "money_cost": 0.011325999999999998,
    "row_count": 10,
    "model_name": "gemini-2.5-flash",
    "concurrent_llm_worker": 20,
    "precision": 0.6,
    "recall": 0.6,
    "f1_score": 0.6
  },
  "Q6": {
    "query_id": 6,
    "status": "success",
    "execution_time": 9.060455799102783,
    "token_usage": 36820.0,
    "money_cost": 0.011305000000000004,
    "row_count": 10,
    "model_name": "gemini-2.5-flash",
    "concurrent_llm_worker": 20,
    "precision": 1.0,
    "recall": 1.0,
    "f1_score": 1.0
  },
  "Q7": {
    "query_id": 7,
    "status": "success",
    "execution_time": 4647.6194858551025,
    "token_usage": 23861242.0,
    "money_cost": 7.341556000000087,
    "row_count": 24721,
    "model_name": "gemini-2.5-flash",
    "concurrent_llm_worker": 20,
    "precision": 0.6011245527347078,
    "recall": 0.8621700879765396,
    "f1_score": 0.708362614195362
  },
  "Q8": {
    "query_id": 8,
    "status": "success",
    "execution_time": 15.960296392440796,
    "token_usage": 45947.0,
    "money_cost": 0.015761999999999998,
    "row_count": 3,
    "model_name": "gemini-2.5-flash",
    "concurrent_llm_worker": 20,
    "relative_error": 0.2971698113207547,
    "absolute_error": 17.0,
    "mean_absolute_percentage_error": 29.71698113207547
  },
  "Q9": {
    "query_id": 9,
    "status": "success",
    "execution_time": 21.76508641242981,
    "token_usage": 127461.0,
    "money_cost": 0.04008500000000002,
    "row_count": 256,
    "model_name": "gemini-2.5-flash",
    "concurrent_llm_worker": 20,
    "spearman_correlation": 0.7439619279482473,
    "kendall_tau": 0.6525119615037929
  },
  "Q10": {
    "query_id": 10,
    "status": "success",
    "execution_time": 176.02403450012207,
    "token_usage": 972885.0,
    "money_cost": 0.3088357499999997,
    "row_count": 105,
    "model_name": "gemini-2.5-flash",
    "concurrent_llm_worker": 20,
    "spearman_correlation": 0.3923032263886679,
    "kendall_tau": 0.27044508658832245
  }
}