{
  "Q1": {
    "query_id": 1,
    "status": "success",
    "execution_time": 3.365499496459961,
    "token_usage": 3406.0,
    "money_cost": 0.0011455,
    "row_count": 5,
    "model_name": "gemini-2.5-flash",
    "concurrent_llm_worker": 20,
    "precision": 1.0,
    "recall": 1.0,
    "f1_score": 1.0
  },
  "Q2": {
    "query_id": 2,
    "status": "success",
    "execution_time": 62.88487362861633,
    "token_usage": 20509.0,
    "money_cost": 0.0069332499999999984,
    "row_count": 5,
    "model_name": "gemini-2.5-flash",
    "concurrent_llm_worker": 20,
    "precision": 1.0,
    "recall": 1.0,
    "f1_score": 1.0
  },
  "Q3": {
    "query_id": 3,
    "status": "success",
    "execution_time": 10.963109493255615,
    "token_usage": 28744.0,
    "money_cost": 0.009706,
    "row_count": 1,
    "model_name": "gemini-2.5-flash",
    "concurrent_llm_worker": 20,
    "relative_error": 0.42857142857142855,
    "absolute_error": 6.0,
    "mean_absolute_percentage_error": 42.857142857142854
  },
  "Q4": {
    "query_id": 4,
    "status": "success",
    "execution_time": 11.627766132354736,
    "token_usage": 46461.0,
    "money_cost": 0.015739999999999997,
    "row_count": 1,
    "model_name": "gemini-2.5-flash",
    "concurrent_llm_worker": 20,
    "relative_error": 0.5254237055778503,
    "absolute_error": 0.06129943453154316,
    "mean_absolute_percentage_error": 52.542370557785034
  },
  "Q5": {
    "query_id": 5,
    "status": "success",
    "execution_time": 8.452690839767456,
    "token_usage": 36920.0,
    "money_cost": 0.011329999999999995,
    "row_count": 10,
    "model_name": "gemini-2.5-flash",
    "concurrent_llm_worker": 20,
    "precision": 0.7,
    "recall": 0.7,
    "f1_score": 0.7
  },
  "Q6": {
    "query_id": 6,
    "status": "success",
    "execution_time": 7.6792519092559814,
    "token_usage": 36820.0,
    "money_cost": 0.011305000000000003,
    "row_count": 10,
    "model_name": "gemini-2.5-flash",
    "concurrent_llm_worker": 20,
    "precision": 0.9,
    "recall": 0.9,
    "f1_score": 0.9
  },
  "Q7": {
    "query_id": 7,
    "status": "success",
    "execution_time": 4594.3299469947815,
    "token_usage": 23861241.0,
    "money_cost": 7.34155400000006,
    "row_count": 24745,
    "model_name": "gemini-2.5-flash",
    "concurrent_llm_worker": 20,
    "precision": 0.6022765885151207,
    "recall": 0.8663245356793744,
    "f1_score": 0.7105632391260773
  },
  "Q8": {
    "query_id": 8,
    "status": "success",
    "execution_time": 10.626923084259033,
    "token_usage": 45953.0,
    "money_cost": 0.015774000000000003,
    "row_count": 3,
    "model_name": "gemini-2.5-flash",
    "concurrent_llm_worker": 20,
    "relative_error": 0.21630727762803234,
    "absolute_error": 13.0,
    "mean_absolute_percentage_error": 21.630727762803232
  },
  "Q9": {
    "query_id": 9,
    "status": "success",
    "execution_time": 18.061543941497803,
    "token_usage": 127497.0,
    "money_cost": 0.040157000000000026,
    "row_count": 256,
    "model_name": "gemini-2.5-flash",
    "concurrent_llm_worker": 20,
    "spearman_correlation": 0.7485546421390399,
    "kendall_tau": 0.641991961677981
  },
  "Q10": {
    "query_id": 10,
    "status": "success",
    "execution_time": 141.60122179985046,
    "token_usage": 973216.0,
    "money_cost": 0.3094977499999993,
    "row_count": 105,
    "model_name": "gemini-2.5-flash",
    "concurrent_llm_worker": 20,
    "spearman_correlation": 0.4149532473928741,
    "kendall_tau": 0.2911573741629908
  }
}