{
  "Q1": {
    "query_id": 1,
    "status": "success",
    "execution_time": 59.764432430267334,
    "token_usage": 255372,
    "money_cost": 0.6834300000000004,
    "row_count": 5,
    "model_name": "gpt-4o",
    "concurrent_llm_worker": 20,
    "precision": 1.0,
    "recall": 1.0,
    "f1_score": 1.0
  },
  "Q2": {
    "query_id": 2,
    "status": "success",
    "execution_time": 3.667829751968384,
    "token_usage": 14834,
    "money_cost": 0.03978500000000002,
    "row_count": 5,
    "model_name": "gpt-4o",
    "concurrent_llm_worker": 20,
    "precision": 1.0,
    "recall": 1.0,
    "f1_score": 1.0
  },
  "Q3": {
    "query_id": 3,
    "status": "success",
    "execution_time": 4.482548713684082,
    "token_usage": 14474,
    "money_cost": 0.038885,
    "row_count": 1,
    "model_name": "gpt-4o",
    "concurrent_llm_worker": 20,
    "relative_error": 0.6428571428571429,
    "absolute_error": 9.0,
    "mean_absolute_percentage_error": 64.28571428571429
  },
  "Q4": {
    "query_id": 4,
    "status": "success",
    "execution_time": 4.190576791763306,
    "token_usage": 14594,
    "money_cost": 0.039185,
    "row_count": 1,
    "model_name": "gpt-4o",
    "concurrent_llm_worker": 20,
    "relative_error": 0.64285714437767,
    "absolute_error": 0.07500000049670544,
    "mean_absolute_percentage_error": 64.28571443776701
  },
  "Q5": {
    "query_id": 5,
    "status": "success",
    "execution_time": 978.6471405029297,
    "token_usage": 6267035,
    "money_cost": 16.366159999999844,
    "row_count": 10,
    "model_name": "gpt-4o",
    "concurrent_llm_worker": 20,
    "precision": 1.0,
    "recall": 0.2,
    "f1_score": 0.33333333333333337
  },
  "Q6": {
    "query_id": 6,
    "status": "success",
    "execution_time": 1073.6723878383636,
    "token_usage": 7048588,
    "money_cost": 18.409037500000462,
    "row_count": 10,
    "model_name": "gpt-4o",
    "concurrent_llm_worker": 20,
    "precision": 1.0,
    "recall": 0.5,
    "f1_score": 0.6666666666666666
  },
  "Q7": {
    "query_id": 7,
    "status": "success",
    "execution_time": 1121.782329082489,
    "token_usage": 7042826,
    "money_cost": 18.395517500000405,
    "row_count": 5532,
    "model_name": "gpt-4o",
    "concurrent_llm_worker": 20,
    "precision": 0.4194008559201141,
    "recall": 0.2155425219941349,
    "f1_score": 0.28474576271186436
  },
  "Q8": {
    "query_id": 8,
    "status": "success",
    "execution_time": 4.55405855178833,
    "token_usage": 13874,
    "money_cost": 0.03648500000000003,
    "row_count": 2,
    "model_name": "gpt-4o",
    "concurrent_llm_worker": 20,
    "relative_error": 0.08086253369272237,
    "absolute_error": 4.0,
    "mean_absolute_percentage_error": 8.086253369272237
  },
  "Q9": {
    "query_id": 9,
    "status": "success",
    "execution_time": 9.350375175476074,
    "token_usage": 56382,
    "money_cost": 0.14287500000000006,
    "row_count": 256,
    "model_name": "gpt-4o",
    "concurrent_llm_worker": 20,
    "spearman_correlation": 0.7854541189100439,
    "kendall_tau": 0.6957522894519786
  },
  "Q10": {
    "query_id": 10,
    "status": "success",
    "execution_time": 64.1268081665039,
    "token_usage": 417372,
    "money_cost": 1.05843,
    "row_count": 105,
    "model_name": "gpt-4o",
    "concurrent_llm_worker": 20,
    "spearman_correlation": 0.42012053166699803,
    "kendall_tau": 0.2996141152161412
  }
}