{
  "Q1": {
    "query_id": 1,
    "status": "success",
    "execution_time": 3.7520906925201416,
    "token_usage": 4035.0,
    "money_cost": 0.0013226999999999998,
    "row_count": 5,
    "model_name": "gemini-2.5-flash",
    "concurrent_llm_worker": 20,
    "precision": 1.0,
    "recall": 1.0,
    "f1_score": 1.0
  },
  "Q2": {
    "query_id": 2,
    "status": "success",
    "execution_time": 31.063611268997192,
    "token_usage": 20901.0,
    "money_cost": 0.0068642999999999985,
    "row_count": 5,
    "model_name": "gemini-2.5-flash",
    "concurrent_llm_worker": 20,
    "precision": 1.0,
    "recall": 1.0,
    "f1_score": 1.0
  },
  "Q3": {
    "query_id": 3,
    "status": "success",
    "execution_time": 4.030539512634277,
    "token_usage": 27994.0,
    "money_cost": 0.009190199999999999,
    "row_count": 1,
    "model_name": "gemini-2.5-flash",
    "concurrent_llm_worker": 20,
    "relative_error": 0.5714285714285714,
    "absolute_error": 8.0,
    "mean_absolute_percentage_error": 57.14285714285714
  },
  "Q4": {
    "query_id": 4,
    "status": "success",
    "execution_time": 4.783383369445801,
    "token_usage": 46834.0,
    "money_cost": 0.0188022,
    "row_count": 1,
    "model_name": "gemini-2.5-flash",
    "concurrent_llm_worker": 20,
    "relative_error": 0.3571428656578064,
    "absolute_error": 0.04166666716337204,
    "mean_absolute_percentage_error": 35.71428656578064
  },
  "Q5": {
    "query_id": 5,
    "status": "success",
    "execution_time": 2.1447582244873047,
    "token_usage": 37440.0,
    "money_cost": 0.011892000000000002,
    "row_count": 10,
    "model_name": "gemini-2.5-flash",
    "concurrent_llm_worker": 20,
    "precision": 0.2222222222222222,
    "recall": 0.2,
    "f1_score": 0.2105263157894737
  },
  "Q6": {
    "query_id": 6,
    "status": "success",
    "execution_time": 2.333224296569824,
    "token_usage": 37340.0,
    "money_cost": 0.011862000000000006,
    "row_count": 10,
    "model_name": "gemini-2.5-flash",
    "concurrent_llm_worker": 20,
    "precision": 0.8888888888888888,
    "recall": 0.8,
    "f1_score": 0.8421052631578948
  },
  "Q7": {
    "query_id": 7,
    "status": "success",
    "execution_time": 1324.0411026477814,
    "token_usage": 24287232.0,
    "money_cost": 7.718707199999724,
    "row_count": 19864,
    "model_name": "gemini-2.5-flash",
    "concurrent_llm_worker": 20,
    "precision": 0.7461943793911007,
    "recall": 0.6229227761485826,
    "f1_score": 0.6790090570058605
  },
  "Q8": {
    "query_id": 8,
    "status": "success",
    "execution_time": 4.514550685882568,
    "token_usage": 45754.0,
    "money_cost": 0.01847819999999999,
    "row_count": 2,
    "model_name": "gemini-2.5-flash",
    "concurrent_llm_worker": 20,
    "relative_error": 0.16172506738544473,
    "absolute_error": 8.0,
    "mean_absolute_percentage_error": 16.172506738544474
  },
  "Q9": {
    "query_id": 9,
    "status": "success",
    "execution_time": 6.134101867675781,
    "token_usage": 131788.0,
    "money_cost": 0.04967399999999997,
    "row_count": 256,
    "model_name": "gemini-2.5-flash",
    "concurrent_llm_worker": 20,
    "spearman_correlation": 0.7800767559272072,
    "kendall_tau": 0.6895588159254724
  },
  "Q10": {
    "query_id": 10,
    "status": "success",
    "execution_time": 42.53049159049988,
    "token_usage": 999992.0,
    "money_cost": 0.3791975999999998,
    "row_count": 105,
    "model_name": "gemini-2.5-flash",
    "concurrent_llm_worker": 20,
    "spearman_correlation": 0.41984799477254636,
    "kendall_tau": 0.290589630936729
  }
}