{
  "Q1": {
    "query_id": 1,
    "status": "success",
    "execution_time": 1.7406225204467773,
    "token_usage": 3529.0,
    "money_cost": 0.0005496,
    "row_count": 5,
    "model_name": "gemini-2.5-flash",
    "concurrent_llm_worker": 20,
    "precision": 1.0,
    "recall": 1.0,
    "f1_score": 1.0
  },
  "Q2": {
    "query_id": 2,
    "status": "success",
    "execution_time": 32.18096423149109,
    "token_usage": 18252.0,
    "money_cost": 0.0028444499999999992,
    "row_count": 5,
    "model_name": "gemini-2.5-flash",
    "concurrent_llm_worker": 20,
    "precision": 1.0,
    "recall": 1.0,
    "f1_score": 1.0
  },
  "Q3": {
    "query_id": 3,
    "status": "success",
    "execution_time": 4.731311321258545,
    "token_usage": 27784.0,
    "money_cost": 0.004329600000000001,
    "row_count": 1,
    "model_name": "gemini-2.5-flash",
    "concurrent_llm_worker": 20,
    "relative_error": 0.5,
    "absolute_error": 7.0,
    "mean_absolute_percentage_error": 50.0
  },
  "Q4": {
    "query_id": 4,
    "status": "success",
    "execution_time": 6.026018857955933,
    "token_usage": 45599.0,
    "money_cost": 0.0074585999999999975,
    "row_count": 1,
    "model_name": "gemini-2.5-flash",
    "concurrent_llm_worker": 20,
    "relative_error": 0.0714285746216774,
    "absolute_error": 0.008333333830038744,
    "mean_absolute_percentage_error": 7.14285746216774
  },
  "Q5": {
    "query_id": 5,
    "status": "success",
    "execution_time": 12.339805603027344,
    "token_usage": 145280.0,
    "money_cost": 0.022331999999999984,
    "row_count": 10,
    "model_name": "gemini-2.5-flash",
    "concurrent_llm_worker": 20,
    "precision": 0.0,
    "recall": 0.0,
    "f1_score": 0.0
  },
  "Q6": {
    "query_id": 6,
    "status": "success",
    "execution_time": 13.301689147949219,
    "token_usage": 144880.0,
    "money_cost": 0.022271999999999972,
    "row_count": 10,
    "model_name": "gemini-2.5-flash",
    "concurrent_llm_worker": 20,
    "precision": 0.9,
    "recall": 0.9,
    "f1_score": 0.9
  },
  "Q7": {
    "query_id": 7,
    "status": "success",
    "execution_time": 1811.711548089981,
    "token_usage": 23336960.0,
    "money_cost": 3.5890175999999956,
    "row_count": 11531,
    "model_name": "gemini-2.5-flash",
    "concurrent_llm_worker": 20,
    "precision": 0.7181723055458668,
    "recall": 0.5031769305962854,
    "f1_score": 0.5917516884609858
  },
  "Q8": {
    "query_id": 8,
    "status": "success",
    "execution_time": 7.128453493118286,
    "token_usage": 45183.0,
    "money_cost": 0.007478999999999999,
    "row_count": 2,
    "model_name": "gemini-2.5-flash",
    "concurrent_llm_worker": 20,
    "relative_error": 0.16172506738544473,
    "absolute_error": 8.0,
    "mean_absolute_percentage_error": 16.172506738544474
  },
  "Q9": {
    "query_id": 9,
    "status": "success",
    "execution_time": 13.825268745422363,
    "token_usage": 126092.0,
    "money_cost": 0.020296199999999986,
    "row_count": 256,
    "model_name": "gemini-2.5-flash",
    "concurrent_llm_worker": 20,
    "spearman_correlation": 0.7465704064985708,
    "kendall_tau": 0.6467398479833095
  },
  "Q10": {
    "query_id": 10,
    "status": "success",
    "execution_time": 124.60737204551697,
    "token_usage": 961387.0,
    "money_cost": 0.1550062499999999,
    "row_count": 105,
    "model_name": "gemini-2.5-flash",
    "concurrent_llm_worker": 20,
    "spearman_correlation": 0.4217069783500433,
    "kendall_tau": 0.29256936137650086
  }
}