{
  "Q1": {
    "query_id": 1,
    "status": "success",
    "execution_time": 3.7372615337371826,
    "token_usage": 3382.0,
    "money_cost": 0.0011395,
    "row_count": 5,
    "model_name": "gemini-2.5-flash",
    "concurrent_llm_worker": 20,
    "precision": 1.0,
    "recall": 1.0,
    "f1_score": 1.0
  },
  "Q2": {
    "query_id": 2,
    "status": "success",
    "execution_time": 61.80129933357239,
    "token_usage": 18884.0,
    "money_cost": 0.0063799999999999985,
    "row_count": 5,
    "model_name": "gemini-2.5-flash",
    "concurrent_llm_worker": 20,
    "precision": 0.8,
    "recall": 0.8,
    "f1_score": 0.8000000000000002
  },
  "Q3": {
    "query_id": 3,
    "status": "success",
    "execution_time": 10.10001277923584,
    "token_usage": 28744.0,
    "money_cost": 0.009706000000000001,
    "row_count": 1,
    "model_name": "gemini-2.5-flash",
    "concurrent_llm_worker": 20,
    "relative_error": 0.5714285714285714,
    "absolute_error": 8.0,
    "mean_absolute_percentage_error": 57.14285714285714
  },
  "Q4": {
    "query_id": 4,
    "status": "success",
    "execution_time": 10.664234399795532,
    "token_usage": 46395.0,
    "money_cost": 0.015607999999999992,
    "row_count": 1,
    "model_name": "gemini-2.5-flash",
    "concurrent_llm_worker": 20,
    "relative_error": 0.4671814441680908,
    "absolute_error": 0.05450450400779905,
    "mean_absolute_percentage_error": 46.71814441680908
  },
  "Q5": {
    "query_id": 5,
    "status": "success",
    "execution_time": 17.31517767906189,
    "token_usage": 36920.0,
    "money_cost": 0.011330000000000003,
    "row_count": 10,
    "model_name": "gemini-2.5-flash",
    "concurrent_llm_worker": 20,
    "precision": 0.4,
    "recall": 0.4,
    "f1_score": 0.4000000000000001
  },
  "Q6": {
    "query_id": 6,
    "status": "success",
    "execution_time": 7.659689426422119,
    "token_usage": 36820.0,
    "money_cost": 0.011305000000000004,
    "row_count": 10,
    "model_name": "gemini-2.5-flash",
    "concurrent_llm_worker": 20,
    "precision": 0.75,
    "recall": 0.6,
    "f1_score": 0.6666666666666665
  },
  "Q7": {
    "query_id": 7,
    "status": "success",
    "execution_time": 4561.093052625656,
    "token_usage": 23861239.0,
    "money_cost": 7.341550000000019,
    "row_count": 24707,
    "model_name": "gemini-2.5-flash",
    "concurrent_llm_worker": 20,
    "precision": 0.6022165387894288,
    "recall": 0.863147605083089,
    "f1_score": 0.7094506377422918
  },
  "Q8": {
    "query_id": 8,
    "status": "success",
    "execution_time": 10.912829160690308,
    "token_usage": 45957.0,
    "money_cost": 0.015781999999999997,
    "row_count": 3,
    "model_name": "gemini-2.5-flash",
    "concurrent_llm_worker": 20,
    "relative_error": 0.17115902964959567,
    "absolute_error": 10.0,
    "mean_absolute_percentage_error": 17.115902964959567
  },
  "Q9": {
    "query_id": 9,
    "status": "success",
    "execution_time": 18.196672916412354,
    "token_usage": 127502.0,
    "money_cost": 0.040167,
    "row_count": 256,
    "model_name": "gemini-2.5-flash",
    "concurrent_llm_worker": 20,
    "spearman_correlation": 0.7407353135986973,
    "kendall_tau": 0.6386083096639952
  },
  "Q10": {
    "query_id": 10,
    "status": "success",
    "execution_time": 146.95183086395264,
    "token_usage": 972764.0,
    "money_cost": 0.3085937499999994,
    "row_count": 105,
    "model_name": "gemini-2.5-flash",
    "concurrent_llm_worker": 20,
    "spearman_correlation": 0.42637728766443256,
    "kendall_tau": 0.3017503680744123
  }
}