{
  "Q1": {
    "query_id": 1,
    "status": "success",
    "execution_time": 1.2911245822906494,
    "token_usage": 2564.0,
    "money_cost": 0.00039945000000000003,
    "row_count": 5,
    "model_name": "gemini-2.5-flash",
    "concurrent_llm_worker": 20,
    "precision": 1.0,
    "recall": 1.0,
    "f1_score": 1.0
  },
  "Q2": {
    "query_id": 2,
    "status": "success",
    "execution_time": 32.45729446411133,
    "token_usage": 18252.0,
    "money_cost": 0.0028444499999999992,
    "row_count": 5,
    "model_name": "gemini-2.5-flash",
    "concurrent_llm_worker": 20,
    "precision": 1.0,
    "recall": 1.0,
    "f1_score": 1.0
  },
  "Q3": {
    "query_id": 3,
    "status": "success",
    "execution_time": 5.217969179153442,
    "token_usage": 27784.0,
    "money_cost": 0.004329600000000002,
    "row_count": 1,
    "model_name": "gemini-2.5-flash",
    "concurrent_llm_worker": 20,
    "relative_error": 0.5714285714285714,
    "absolute_error": 8.0,
    "mean_absolute_percentage_error": 57.14285714285714
  },
  "Q4": {
    "query_id": 4,
    "status": "success",
    "execution_time": 6.690139293670654,
    "token_usage": 45616.0,
    "money_cost": 0.0074688,
    "row_count": 1,
    "model_name": "gemini-2.5-flash",
    "concurrent_llm_worker": 20,
    "relative_error": 0.0714285671710968,
    "absolute_error": 0.00833333283662796,
    "mean_absolute_percentage_error": 7.14285671710968
  },
  "Q5": {
    "query_id": 5,
    "status": "success",
    "execution_time": 11.508829355239868,
    "token_usage": 145280.0,
    "money_cost": 0.02233199999999998,
    "row_count": 10,
    "model_name": "gemini-2.5-flash",
    "concurrent_llm_worker": 20,
    "precision": 0.0,
    "recall": 0.0,
    "f1_score": 0.0
  },
  "Q6": {
    "query_id": 6,
    "status": "success",
    "execution_time": 12.352792978286743,
    "token_usage": 144880.0,
    "money_cost": 0.022271999999999972,
    "row_count": 10,
    "model_name": "gemini-2.5-flash",
    "concurrent_llm_worker": 20,
    "precision": 0.9,
    "recall": 0.9,
    "f1_score": 0.9
  },
  "Q7": {
    "query_id": 7,
    "status": "success",
    "execution_time": 2265.170061826706,
    "token_usage": 23336960.0,
    "money_cost": 3.589017599999976,
    "row_count": 11388,
    "model_name": "gemini-2.5-flash",
    "concurrent_llm_worker": 20,
    "precision": 0.7206956521739131,
    "recall": 0.5063538611925709,
    "f1_score": 0.5948040763599828
  },
  "Q8": {
    "query_id": 8,
    "status": "success",
    "execution_time": 13.232327938079834,
    "token_usage": 45177.0,
    "money_cost": 0.007475399999999995,
    "row_count": 2,
    "model_name": "gemini-2.5-flash",
    "concurrent_llm_worker": 20,
    "relative_error": 0.16172506738544473,
    "absolute_error": 8.0,
    "mean_absolute_percentage_error": 16.172506738544474
  },
  "Q9": {
    "query_id": 9,
    "status": "success",
    "execution_time": 14.142648220062256,
    "token_usage": 126091.0,
    "money_cost": 0.02029559999999998,
    "row_count": 256,
    "model_name": "gemini-2.5-flash",
    "concurrent_llm_worker": 20,
    "spearman_correlation": 0.7404084893702405,
    "kendall_tau": 0.6401054782040451
  },
  "Q10": {
    "query_id": 10,
    "status": "success",
    "execution_time": 67.32217836380005,
    "token_usage": 961378.0,
    "money_cost": 0.15500085000000008,
    "row_count": 105,
    "model_name": "gemini-2.5-flash",
    "concurrent_llm_worker": 20,
    "spearman_correlation": 0.4297619629680079,
    "kendall_tau": 0.3014875278994806
  }
}