{
  "Q1": {
    "query_id": 1,
    "status": "success",
    "execution_time": 3.6965184211730957,
    "token_usage": 1637.0,
    "money_cost": 0.000255,
    "row_count": 5,
    "model_name": "gemini-2.5-flash",
    "concurrent_llm_worker": 20,
    "precision": 1.0,
    "recall": 1.0,
    "f1_score": 1.0
  },
  "Q2": {
    "query_id": 2,
    "status": "success",
    "execution_time": 15.574846029281616,
    "token_usage": 10913.0,
    "money_cost": 0.0017003999999999993,
    "row_count": 5,
    "model_name": "gemini-2.5-flash",
    "concurrent_llm_worker": 20,
    "precision": 0.8,
    "recall": 0.8,
    "f1_score": 0.8000000000000002
  },
  "Q3": {
    "query_id": 3,
    "status": "success",
    "execution_time": 3.475290298461914,
    "token_usage": 27994.0,
    "money_cost": 0.004361100000000001,
    "row_count": 1,
    "model_name": "gemini-2.5-flash",
    "concurrent_llm_worker": 20,
    "relative_error": 0.14285714285714285,
    "absolute_error": 2.0,
    "mean_absolute_percentage_error": 14.285714285714285
  },
  "Q4": {
    "query_id": 4,
    "status": "success",
    "execution_time": 4.4258787631988525,
    "token_usage": 46832.0,
    "money_cost": 0.0079959,
    "row_count": 1,
    "model_name": "gemini-2.5-flash",
    "concurrent_llm_worker": 20,
    "relative_error": 0.0714285746216774,
    "absolute_error": 0.008333333830038744,
    "mean_absolute_percentage_error": 7.14285746216774
  },
  "Q5": {
    "query_id": 5,
    "status": "success",
    "execution_time": 1.8364787101745605,
    "token_usage": 37440.0,
    "money_cost": 0.005751,
    "row_count": 10,
    "model_name": "gemini-2.5-flash",
    "concurrent_llm_worker": 20,
    "precision": 0.8,
    "recall": 0.8,
    "f1_score": 0.8000000000000002
  },
  "Q6": {
    "query_id": 6,
    "status": "success",
    "execution_time": 1.9101276397705078,
    "token_usage": 37340.0,
    "money_cost": 0.005735999999999999,
    "row_count": 10,
    "model_name": "gemini-2.5-flash",
    "concurrent_llm_worker": 20,
    "precision": 0.5555555555555556,
    "recall": 0.5,
    "f1_score": 0.5263157894736842
  },
  "Q7": {
    "query_id": 7,
    "status": "success",
    "execution_time": 1000.3974454402924,
    "token_usage": 24287232.0,
    "money_cost": 3.731558399999803,
    "row_count": 27980,
    "model_name": "gemini-2.5-flash",
    "concurrent_llm_worker": 20,
    "precision": 0.6012256973795436,
    "recall": 0.6952590420332356,
    "f1_score": 0.6448322756119674
  },
  "Q8": {
    "query_id": 8,
    "status": "success",
    "execution_time": 4.8792009353637695,
    "token_usage": 45746.0,
    "money_cost": 0.007830300000000002,
    "row_count": 2,
    "model_name": "gemini-2.5-flash",
    "concurrent_llm_worker": 20,
    "relative_error": 0.04043126684636118,
    "absolute_error": 2.0,
    "mean_absolute_percentage_error": 4.0431266846361185
  },
  "Q9": {
    "query_id": 9,
    "status": "success",
    "execution_time": 5.450629234313965,
    "token_usage": 131806.0,
    "money_cost": 0.021852599999999996,
    "row_count": 256,
    "model_name": "gemini-2.5-flash",
    "concurrent_llm_worker": 20,
    "spearman_correlation": 0.7591004828566364,
    "kendall_tau": 0.6651193108324109
  },
  "Q10": {
    "query_id": 10,
    "status": "failed",
    "execution_time": 0.0,
    "error": "No columns to parse from file",
    "row_count": 0,
    "model_name": "gemini-2.5-flash",
    "concurrent_llm_worker": 20
  }
}