{
  "Q1": {
    "query_id": "1",
    "status": "success",
    "execution_time": 18.440563917160034,
    "token_usage": 105179,
    "money_cost": 0.0369767,
    "row_count": 3,
    "model_name": "gemini-2.5-flash",
    "concurrent_llm_worker": 20,
    "accuracy": 0.6,
    "metric_type": "f1-score",
    "precision": 1.0,
    "recall": 0.42857142857142855,
    "f1_score": 0.6
  },
  "Q12": {
    "query_id": "12",
    "status": "success",
    "execution_time": 25.71975326538086,
    "token_usage": 276082,
    "money_cost": 0.1041602,
    "row_count": 51,
    "model_name": "gemini-2.5-flash",
    "concurrent_llm_worker": 20,
    "accuracy": 0.9696969696969697,
    "metric_type": "f1-score",
    "precision": 0.9411764705882353,
    "recall": 1.0,
    "f1_score": 0.9696969696969697
  },
  "Q13": {
    "query_id": "13",
    "status": "success",
    "execution_time": 21.065820932388306,
    "token_usage": 1248397,
    "money_cost": 0.37997729999999996,
    "row_count": 11,
    "model_name": "gemini-2.5-flash",
    "concurrent_llm_worker": 20,
    "accuracy": 0.6956521739130435,
    "metric_type": "f1-score",
    "precision": 0.7272727272727273,
    "recall": 0.6666666666666666,
    "f1_score": 0.6956521739130435
  },
  "Q14": {
    "query_id": "14",
    "status": "success",
    "execution_time": 60.770309925079346,
    "token_usage": 13703839,
    "money_cost": 4.1786873,
    "row_count": 2,
    "model_name": "gemini-2.5-flash",
    "concurrent_llm_worker": 20,
    "accuracy": 0.0,
    "metric_type": "f1-score",
    "precision": 0.0,
    "recall": 0.0,
    "f1_score": 0.0
  },
  "Q2": {
    "query_id": "2",
    "status": "success",
    "execution_time": 43.6041259765625,
    "token_usage": 12997490,
    "money_cost": 3.9631526,
    "row_count": 34,
    "model_name": "gemini-2.5-flash",
    "concurrent_llm_worker": 20,
    "accuracy": 0.20512820512820512,
    "metric_type": "f1-score",
    "precision": 0.11764705882352941,
    "recall": 0.8,
    "f1_score": 0.20512820512820512
  },
  "Q3": {
    "query_id": "3",
    "status": "success",
    "execution_time": 20.773038148880005,
    "token_usage": 143363,
    "money_cost": 0.1248445,
    "row_count": 493,
    "model_name": "gemini-2.5-flash",
    "concurrent_llm_worker": 20,
    "accuracy": 0.9647552241888958,
    "metric_type": "adjusted-rand-index"
  },
  "Q4": {
    "query_id": "4",
    "status": "success",
    "execution_time": 25.975707292556763,
    "token_usage": 725172,
    "money_cost": 0.3484098,
    "row_count": 285,
    "model_name": "gemini-2.5-flash",
    "concurrent_llm_worker": 20,
    "accuracy": 0.6978273485206415,
    "metric_type": "adjusted-rand-index"
  },
  "Q5": {
    "query_id": "5",
    "status": "success",
    "execution_time": 21.04458999633789,
    "token_usage": 156275,
    "money_cost": 0.16911450000000003,
    "row_count": 219,
    "model_name": "gemini-2.5-flash",
    "concurrent_llm_worker": 20,
    "accuracy": 0.9796038111683603,
    "metric_type": "adjusted-rand-index"
  },
  "Q6": {
    "query_id": "6",
    "status": "success",
    "execution_time": 32.061614990234375,
    "token_usage": 689876,
    "money_cost": 0.3516194,
    "row_count": 219,
    "model_name": "gemini-2.5-flash",
    "concurrent_llm_worker": 20,
    "accuracy": 0.8778864128464244,
    "metric_type": "adjusted-rand-index"
  },
  "Q7": {
    "query_id": "7",
    "status": "success",
    "execution_time": 43.848016023635864,
    "token_usage": 2626424,
    "money_cost": 0.8628944,
    "row_count": 200,
    "model_name": "gemini-2.5-flash",
    "concurrent_llm_worker": 20,
    "accuracy": 0.8313953488372092,
    "metric_type": "f1-score",
    "precision": 0.715,
    "recall": 0.9930555555555556,
    "f1_score": 0.8313953488372092
  },
  "Q8": {
    "query_id": "8",
    "status": "success",
    "execution_time": 112.28477430343628,
    "token_usage": 60127870,
    "money_cost": 18.2302714,
    "row_count": 18,
    "model_name": "gemini-2.5-flash",
    "concurrent_llm_worker": 20,
    "accuracy": 0.2857142857142857,
    "metric_type": "f1-score",
    "precision": 0.16666666666666666,
    "recall": 1.0,
    "f1_score": 0.2857142857142857
  },
  "Q9": {
    "query_id": "9",
    "status": "success",
    "execution_time": 36.84898090362549,
    "token_usage": 669874,
    "money_cost": 0.2129632,
    "row_count": 32,
    "model_name": "gemini-2.5-flash",
    "concurrent_llm_worker": 20,
    "accuracy": 0.5789473684210527,
    "metric_type": "f1-score",
    "precision": 0.4230769230769231,
    "recall": 0.9166666666666666,
    "f1_score": 0.5789473684210527
  }
}