{
  "Q1": {
    "query_id": 1,
    "status": "success",
    "execution_time": 32.14495348930359,
    "token_usage": 245648,
    "money_cost": 0.08689440000000002,
    "row_count": 5,
    "model_name": "gemini-2.5-flash",
    "concurrent_llm_worker": 20,
    "precision": 1.0,
    "recall": 1.0,
    "f1_score": 1.0
  },
  "Q2": {
    "query_id": 2,
    "status": "success",
    "execution_time": 1.9320383071899414,
    "token_usage": 14203,
    "money_cost": 0.005052899999999999,
    "row_count": 5,
    "model_name": "gemini-2.5-flash",
    "concurrent_llm_worker": 20,
    "precision": 1.0,
    "recall": 1.0,
    "f1_score": 1.0
  },
  "Q3": {
    "query_id": 3,
    "status": "success",
    "execution_time": 1.8951220512390137,
    "token_usage": 13843,
    "money_cost": 0.004944900000000002,
    "row_count": 1,
    "model_name": "gemini-2.5-flash",
    "concurrent_llm_worker": 20,
    "relative_error": 0.5714285714285714,
    "absolute_error": 8.0,
    "mean_absolute_percentage_error": 57.14285714285714
  },
  "Q4": {
    "query_id": 4,
    "status": "success",
    "execution_time": 2.4263148307800293,
    "token_usage": 13963,
    "money_cost": 0.0049809,
    "row_count": 1,
    "model_name": "gemini-2.5-flash",
    "concurrent_llm_worker": 20,
    "relative_error": 0.5714285969734192,
    "absolute_error": 0.06666666716337204,
    "mean_absolute_percentage_error": 57.14285969734192
  },
  "Q5": {
    "query_id": 5,
    "status": "success",
    "execution_time": 565.2727553844452,
    "token_usage": 7141404,
    "money_cost": 2.5442292000000215,
    "row_count": 10,
    "model_name": "gemini-2.5-flash",
    "concurrent_llm_worker": 20,
    "precision": 0.8,
    "recall": 0.4,
    "f1_score": 0.5333333333333333
  },
  "Q6": {
    "query_id": 6,
    "status": "success",
    "execution_time": 424.1320035457611,
    "token_usage": 5255343,
    "money_cost": 1.7875653000000506,
    "row_count": 10,
    "model_name": "gemini-2.5-flash",
    "concurrent_llm_worker": 20,
    "precision": 1.0,
    "recall": 0.5,
    "f1_score": 0.6666666666666666
  },
  "Q7": {
    "query_id": 7,
    "status": "success",
    "execution_time": 422.0778498649597,
    "token_usage": 5412247,
    "money_cost": 1.8456783000000492,
    "row_count": 3710,
    "model_name": "gemini-2.5-flash",
    "concurrent_llm_worker": 20,
    "precision": 0.4471299093655589,
    "recall": 0.14467253176930597,
    "f1_score": 0.21861152141802068
  },
  "Q8": {
    "query_id": 8,
    "status": "success",
    "execution_time": 2.264251232147217,
    "token_usage": 12523,
    "money_cost": 0.004020899999999999,
    "row_count": 2,
    "model_name": "gemini-2.5-flash",
    "concurrent_llm_worker": 20,
    "relative_error": 0.08086253369272237,
    "absolute_error": 4.0,
    "mean_absolute_percentage_error": 8.086253369272237
  },
  "Q9": {
    "query_id": 9,
    "status": "success",
    "execution_time": 3.930755615234375,
    "token_usage": 57294,
    "money_cost": 0.017751399999999994,
    "row_count": 256,
    "model_name": "gemini-2.5-flash",
    "concurrent_llm_worker": 20,
    "spearman_correlation": 0.7483457884063187,
    "kendall_tau": 0.6457194809239806
  },
  "Q10": {
    "query_id": 10,
    "status": "success",
    "execution_time": 29.747843027114868,
    "token_usage": 419648,
    "money_cost": 0.13029439999999987,
    "row_count": 105,
    "model_name": "gemini-2.5-flash",
    "concurrent_llm_worker": 20,
    "spearman_correlation": 0.403922219806559,
    "kendall_tau": 0.2828292214405485
  }
}