{
  "Q1": {
    "query_id": "1",
    "status": "success",
    "execution_time": 19.174488067626953,
    "token_usage": 105183,
    "money_cost": 0.0369867,
    "row_count": 3,
    "model_name": "gemini-2.5-flash",
    "concurrent_llm_worker": 20,
    "accuracy": 0.6,
    "metric_type": "f1-score",
    "precision": 1.0,
    "recall": 0.42857142857142855,
    "f1_score": 0.6
  },
  "Q12": {
    "query_id": "12",
    "status": "success",
    "execution_time": 25.9545419216156,
    "token_usage": 276062,
    "money_cost": 0.10478119999999999,
    "row_count": 51,
    "model_name": "gemini-2.5-flash",
    "concurrent_llm_worker": 20,
    "accuracy": 0.9696969696969697,
    "metric_type": "f1-score",
    "precision": 0.9411764705882353,
    "recall": 1.0,
    "f1_score": 0.9696969696969697
  },
  "Q13": {
    "query_id": "13",
    "status": "success",
    "execution_time": 20.62568497657776,
    "token_usage": 1248397,
    "money_cost": 0.37997729999999996,
    "row_count": 11,
    "model_name": "gemini-2.5-flash",
    "concurrent_llm_worker": 20,
    "accuracy": 0.6956521739130435,
    "metric_type": "f1-score",
    "precision": 0.7272727272727273,
    "recall": 0.6666666666666666,
    "f1_score": 0.6956521739130435
  },
  "Q14": {
    "query_id": "14",
    "status": "success",
    "execution_time": 61.72888803482056,
    "token_usage": 13703835,
    "money_cost": 4.1786773,
    "row_count": 2,
    "model_name": "gemini-2.5-flash",
    "concurrent_llm_worker": 20,
    "accuracy": 0.6666666666666666,
    "metric_type": "f1-score",
    "precision": 1.0,
    "recall": 0.5,
    "f1_score": 0.6666666666666666
  },
  "Q2": {
    "query_id": "2",
    "status": "success",
    "execution_time": 43.84452819824219,
    "token_usage": 12997490,
    "money_cost": 3.9631526,
    "row_count": 34,
    "model_name": "gemini-2.5-flash",
    "concurrent_llm_worker": 20,
    "accuracy": 0.20512820512820512,
    "metric_type": "f1-score",
    "precision": 0.11764705882352941,
    "recall": 0.8,
    "f1_score": 0.20512820512820512
  },
  "Q3": {
    "query_id": "3",
    "status": "success",
    "execution_time": 19.547595024108887,
    "token_usage": 143202,
    "money_cost": 0.124442,
    "row_count": 493,
    "model_name": "gemini-2.5-flash",
    "concurrent_llm_worker": 20,
    "accuracy": 0.9637877140128461,
    "metric_type": "adjusted-rand-index"
  },
  "Q4": {
    "query_id": "4",
    "status": "success",
    "execution_time": 29.4717378616333,
    "token_usage": 734634,
    "money_cost": 0.37206480000000003,
    "row_count": 285,
    "model_name": "gemini-2.5-flash",
    "concurrent_llm_worker": 20,
    "accuracy": 0.7078151759945653,
    "metric_type": "adjusted-rand-index"
  },
  "Q5": {
    "query_id": "5",
    "status": "success",
    "execution_time": 35.761569023132324,
    "token_usage": 155597,
    "money_cost": 0.16741950000000003,
    "row_count": 219,
    "model_name": "gemini-2.5-flash",
    "concurrent_llm_worker": 20,
    "accuracy": 0.9800354654638267,
    "metric_type": "adjusted-rand-index"
  },
  "Q6": {
    "query_id": "6",
    "status": "success",
    "execution_time": 28.763925075531006,
    "token_usage": 689179,
    "money_cost": 0.3498769,
    "row_count": 219,
    "model_name": "gemini-2.5-flash",
    "concurrent_llm_worker": 20,
    "accuracy": 0.8926159220479035,
    "metric_type": "adjusted-rand-index"
  },
  "Q7": {
    "query_id": "7",
    "status": "success",
    "execution_time": 43.39813685417175,
    "token_usage": 2626368,
    "money_cost": 0.8627543999999999,
    "row_count": 200,
    "model_name": "gemini-2.5-flash",
    "concurrent_llm_worker": 20,
    "accuracy": 0.8313953488372092,
    "metric_type": "f1-score",
    "precision": 0.715,
    "recall": 0.9930555555555556,
    "f1_score": 0.8313953488372092
  },
  "Q8": {
    "query_id": "8",
    "status": "success",
    "execution_time": 121.18386197090149,
    "token_usage": 60127858,
    "money_cost": 18.2302414,
    "row_count": 18,
    "model_name": "gemini-2.5-flash",
    "concurrent_llm_worker": 20,
    "accuracy": 0.2857142857142857,
    "metric_type": "f1-score",
    "precision": 0.16666666666666666,
    "recall": 1.0,
    "f1_score": 0.2857142857142857
  },
  "Q9": {
    "query_id": "9",
    "status": "success",
    "execution_time": 38.91562581062317,
    "token_usage": 667418,
    "money_cost": 0.2121824,
    "row_count": 32,
    "model_name": "gemini-2.5-flash",
    "concurrent_llm_worker": 20,
    "accuracy": 0.5789473684210527,
    "metric_type": "f1-score",
    "precision": 0.4230769230769231,
    "recall": 0.9166666666666666,
    "f1_score": 0.5789473684210527
  }
}