{
  "Q3": {
    "query_id": 3,
    "status": "success",
    "execution_time": 15.90045976638794,
    "money_cost": 0.11972209999999997,
    "row_count": 493,
    "model_name": "gemini-2.5-flash",
    "concurrent_llm_worker": 20,
    "accuracy": 0.9774610098630232,
    "metric_type": "adjusted-rand-index"
  },
  "Q2": {
    "query_id": 2,
    "status": "success",
    "execution_time": 44.046891927719116,
    "money_cost": 0.37712549999999617,
    "row_count": 7,
    "model_name": "gemini-2.5-flash",
    "concurrent_llm_worker": 20,
    "accuracy": 0.8333333333333333,
    "metric_type": "f1-score",
    "precision": 0.7142857142857143,
    "recall": 1.0,
    "f1_score": 0.8333333333333333
  },
  "Q9": {
    "query_id": 9,
    "status": "success",
    "execution_time": 37.547760248184204,
    "money_cost": 0.09649529999999962,
    "row_count": 33,
    "model_name": "gemini-2.5-flash",
    "concurrent_llm_worker": 20,
    "accuracy": 0.4888888888888888,
    "metric_type": "f1-score",
    "precision": 0.3333333333333333,
    "recall": 0.9166666666666666,
    "f1_score": 0.4888888888888888
  },
  "Q11": {
    "query_id": 11,
    "status": "success",
    "execution_time": 96.08880805969238,
    "money_cost": 0.6070668,
    "row_count": 62,
    "model_name": "gemini-2.5-flash",
    "concurrent_llm_worker": 20,
    "accuracy": 0.7346938775510204,
    "metric_type": "f1-score",
    "precision": 0.5806451612903226,
    "recall": 1.0,
    "f1_score": 0.7346938775510204
  },
  "Q5": {
    "query_id": 5,
    "status": "success",
    "execution_time": 6.476039886474609,
    "money_cost": 0.06732169999999998,
    "row_count": 219,
    "model_name": "gemini-2.5-flash",
    "concurrent_llm_worker": 20,
    "accuracy": 0.9808985983174584,
    "metric_type": "adjusted-rand-index"
  },
  "Q4": {
    "query_id": 4,
    "status": "success",
    "execution_time": 26.81980609893799,
    "money_cost": 0.23913279999999962,
    "row_count": 285,
    "model_name": "gemini-2.5-flash",
    "concurrent_llm_worker": 20,
    "accuracy": 0.5285341757540019,
    "metric_type": "adjusted-rand-index"
  },
  "Q10": {
    "query_id": 10,
    "status": "success",
    "execution_time": 154.29159379005432,
    "money_cost": 1.0235192999999996,
    "row_count": 71,
    "model_name": "gemini-2.5-flash",
    "concurrent_llm_worker": 20,
    "accuracy": 0.05479452054794521,
    "metric_type": "f1-score",
    "precision": 0.028169014084507043,
    "recall": 1.0,
    "f1_score": 0.05479452054794521
  },
  "Q8": {
    "query_id": 8,
    "status": "success",
    "execution_time": 2.0433189868927,
    "money_cost": 0.009766799999999999,
    "row_count": 3,
    "model_name": "gemini-2.5-flash",
    "concurrent_llm_worker": 20,
    "accuracy": 1.0,
    "metric_type": "f1-score",
    "precision": 1.0,
    "recall": 1.0,
    "f1_score": 1.0
  },
  "Q7": {
    "query_id": 7,
    "status": "success",
    "execution_time": 763.3006942272186,
    "money_cost": 1.7836590000000068,
    "row_count": 159,
    "model_name": "gemini-2.5-flash",
    "concurrent_llm_worker": 20,
    "accuracy": 0.9240924092409241,
    "metric_type": "f1-score",
    "precision": 0.8805031446540881,
    "recall": 0.9722222222222222,
    "f1_score": 0.9240924092409241
  },
  "Q13": {
    "query_id": 13,
    "status": "success",
    "execution_time": 50.483123779296875,
    "money_cost": 0.43457730000000017,
    "row_count": 8,
    "model_name": "gemini-2.5-flash",
    "concurrent_llm_worker": 20,
    "accuracy": 0.6,
    "metric_type": "f1-score",
    "precision": 0.75,
    "recall": 0.5,
    "f1_score": 0.6
  },
  "Q12": {
    "query_id": 12,
    "status": "success",
    "execution_time": 15.64287781715393,
    "money_cost": 0.13632690000000003,
    "row_count": 51,
    "model_name": "gemini-2.5-flash",
    "concurrent_llm_worker": 20,
    "accuracy": 0.0,
    "metric_type": "f1-score",
    "precision": 0.0,
    "recall": 0.0,
    "f1_score": 0.0
  },
  "Q6": {
    "query_id": 6,
    "status": "success",
    "execution_time": 39.90392518043518,
    "money_cost": 0.42999090000000034,
    "row_count": 493,
    "model_name": "gemini-2.5-flash",
    "concurrent_llm_worker": 20,
    "accuracy": 0.8926159220479035,
    "metric_type": "adjusted-rand-index"
  },
  "Q1": {
    "query_id": 1,
    "status": "success",
    "execution_time": 11.458552122116089,
    "money_cost": 0.0810513,
    "row_count": 7,
    "model_name": "gemini-2.5-flash",
    "concurrent_llm_worker": 20,
    "accuracy": 1.0,
    "metric_type": "f1-score",
    "precision": 1.0,
    "recall": 1.0,
    "f1_score": 1.0
  }
}