{
  "Q1": {
    "query_id": 1,
    "status": "success",
    "execution_time": 35.306161880493164,
    "token_usage": 103095,
    "money_cost": 0.2655787500000064,
    "row_count": 5,
    "model_name": "gemini-2.5-pro",
    "concurrent_llm_worker": 20,
    "precision": 1.0,
    "recall": 1.0,
    "f1_score": 1.0
  },
  "Q2": {
    "query_id": 2,
    "status": "success",
    "execution_time": 17.65095615386963,
    "token_usage": 6391,
    "money_cost": 0.017176249999999983,
    "row_count": 5,
    "model_name": "gemini-2.5-pro",
    "concurrent_llm_worker": 20,
    "precision": 1.0,
    "recall": 1.0,
    "f1_score": 1.0
  },
  "Q3": {
    "query_id": 3,
    "status": "success",
    "execution_time": 18.39477562904358,
    "token_usage": 6510,
    "money_cost": 0.01755249999999998,
    "row_count": 1,
    "model_name": "gemini-2.5-pro",
    "concurrent_llm_worker": 20,
    "relative_error": 0.5714285714285714,
    "absolute_error": 8.0,
    "mean_absolute_percentage_error": 57.14285714285714
  },
  "Q4": {
    "query_id": 4,
    "status": "success",
    "execution_time": 17.763172149658203,
    "token_usage": 6514,
    "money_cost": 0.01759249999999998,
    "row_count": 1,
    "model_name": "gemini-2.5-pro",
    "concurrent_llm_worker": 20,
    "relative_error": 0.5714285732532034,
    "absolute_error": 0.06666666716337204,
    "mean_absolute_percentage_error": 57.14285732532034
  },
  "Q5": {
    "query_id": 5,
    "status": "success",
    "execution_time": 75.55165886878967,
    "token_usage": 2685337,
    "money_cost": 4.789081249999809,
    "row_count": 10,
    "model_name": "gemini-2.5-pro",
    "concurrent_llm_worker": 20,
    "precision": 0.9,
    "recall": 0.9,
    "f1_score": 0.9
  },
  "Q6": {
    "query_id": 6,
    "status": "success",
    "execution_time": 89.87630319595337,
    "token_usage": 2660704,
    "money_cost": 4.724182500000061,
    "row_count": 10,
    "model_name": "gemini-2.5-pro",
    "concurrent_llm_worker": 20,
    "precision": 1.0,
    "recall": 1.0,
    "f1_score": 1.0
  },
  "Q7": {
    "query_id": 7,
    "status": "success",
    "execution_time": 520.7501711845398,
    "token_usage": 8679884,
    "money_cost": 15.483260000000012,
    "row_count": 23006,
    "model_name": "gemini-2.5-pro",
    "concurrent_llm_worker": 20,
    "precision": 0.8057816446814482,
    "recall": 0.7016129032258065,
    "f1_score": 0.7500979751796212
  },
  "Q8": {
    "query_id": 8,
    "status": "success",
    "execution_time": 23.895471572875977,
    "token_usage": 6510,
    "money_cost": 0.01755249999999999,
    "row_count": 2,
    "model_name": "gemini-2.5-pro",
    "concurrent_llm_worker": 20,
    "relative_error": 0.32345013477088946,
    "absolute_error": 16.0,
    "mean_absolute_percentage_error": 32.34501347708895
  },
  "Q9": {
    "query_id": 9,
    "status": "success",
    "execution_time": 36.616995334625244,
    "token_usage": 49733,
    "money_cost": 0.07806500000000001,
    "row_count": 256,
    "model_name": "gemini-2.5-pro",
    "concurrent_llm_worker": 20,
    "spearman_correlation": 0.7873370451608016,
    "kendall_tau": 0.6860166979091036
  },
  "Q10": {
    "query_id": 10,
    "status": "success",
    "execution_time": 44.94185137748718,
    "token_usage": 361256,
    "money_cost": 0.5742537500000009,
    "row_count": 105,
    "model_name": "gemini-2.5-pro",
    "concurrent_llm_worker": 20,
    "spearman_correlation": 0.42007338487804746,
    "kendall_tau": 0.30259347863848507
  }
}