{
  "Q1": {
    "query_id": 1,
    "status": "success",
    "execution_time": 27.730406045913696,
    "token_usage": 102017,
    "money_cost": 0.02232884999999977,
    "row_count": 5,
    "model_name": "gemini-2.0-flash-001",
    "concurrent_llm_worker": 20,
    "precision": 1.0,
    "recall": 1.0,
    "f1_score": 1.0
  },
  "Q2": {
    "query_id": 2,
    "status": "success",
    "execution_time": 9.02980637550354,
    "token_usage": 4464,
    "money_cost": 0.0010017000000000006,
    "row_count": 5,
    "model_name": "gemini-2.0-flash-001",
    "concurrent_llm_worker": 20,
    "precision": 0.8,
    "recall": 0.8,
    "f1_score": 0.8000000000000002
  },
  "Q3": {
    "query_id": 3,
    "status": "success",
    "execution_time": 12.28657841682434,
    "token_usage": 6514,
    "money_cost": 0.0014631000000000015,
    "row_count": 1,
    "model_name": "gemini-2.0-flash-001",
    "concurrent_llm_worker": 20,
    "relative_error": 0.07142857142857142,
    "absolute_error": 1.0,
    "mean_absolute_percentage_error": 7.142857142857142
  },
  "Q4": {
    "query_id": 4,
    "status": "success",
    "execution_time": 13.541106939315796,
    "token_usage": 6514,
    "money_cost": 0.0014631000000000012,
    "row_count": 1,
    "model_name": "gemini-2.0-flash-001",
    "concurrent_llm_worker": 20,
    "relative_error": 0.07142857538194103,
    "absolute_error": 0.008333333830038744,
    "mean_absolute_percentage_error": 7.142857538194103
  },
  "Q5": {
    "query_id": 5,
    "status": "success",
    "execution_time": 56.423927307128906,
    "token_usage": 2694966,
    "money_cost": 0.48397050000003133,
    "row_count": 10,
    "model_name": "gemini-2.0-flash-001",
    "concurrent_llm_worker": 20,
    "precision": 1.0,
    "recall": 0.9,
    "f1_score": 0.9473684210526316
  },
  "Q6": {
    "query_id": 6,
    "status": "success",
    "execution_time": 56.20832395553589,
    "token_usage": 2677136,
    "money_cost": 0.4820061000000127,
    "row_count": 10,
    "model_name": "gemini-2.0-flash-001",
    "concurrent_llm_worker": 20,
    "precision": 0.5,
    "recall": 0.5,
    "f1_score": 0.5
  },
  "Q7": {
    "query_id": 7,
    "status": "success",
    "execution_time": 135.66822338104248,
    "token_usage": 8733166,
    "money_cost": 1.5722411999999562,
    "row_count": 64394,
    "model_name": "gemini-2.0-flash-001",
    "concurrent_llm_worker": 20,
    "precision": 0.5035068290882244,
    "recall": 1.0,
    "f1_score": 0.6697765774613307
  },
  "Q8": {
    "query_id": 8,
    "status": "success",
    "execution_time": 12.421681642532349,
    "token_usage": 6514,
    "money_cost": 0.0014630999999999997,
    "row_count": 2,
    "model_name": "gemini-2.0-flash-001",
    "concurrent_llm_worker": 20,
    "relative_error": 0.04043126684636118,
    "absolute_error": 2.0,
    "mean_absolute_percentage_error": 4.0431266846361185
  },
  "Q9": {
    "query_id": 9,
    "status": "success",
    "execution_time": 14.876508951187134,
    "token_usage": 50347,
    "money_cost": 0.008646000000000003,
    "row_count": 256,
    "model_name": "gemini-2.0-flash-001",
    "concurrent_llm_worker": 20,
    "spearman_correlation": 0.7757481065787138,
    "kendall_tau": 0.6848677680863259
  },
  "Q10": {
    "query_id": 10,
    "status": "success",
    "execution_time": 30.647822856903076,
    "token_usage": 366240,
    "money_cost": 0.06348824999999993,
    "row_count": 105,
    "model_name": "gemini-2.0-flash-001",
    "concurrent_llm_worker": 20,
    "spearman_correlation": 0.4022233020052083,
    "kendall_tau": 0.28941505916330673
  }
}