{
  "Q1": {
    "query_id": 1,
    "status": "success",
    "execution_time": 34.20860528945923,
    "token_usage": 245648,
    "money_cost": 0.08689440000000002,
    "row_count": 5,
    "model_name": "gemini-2.5-flash",
    "concurrent_llm_worker": 20,
    "precision": 1.0,
    "recall": 1.0,
    "f1_score": 1.0
  },
  "Q2": {
    "query_id": 2,
    "status": "success",
    "execution_time": 1.8606274127960205,
    "token_usage": 14203,
    "money_cost": 0.005052899999999999,
    "row_count": 5,
    "model_name": "gemini-2.5-flash",
    "concurrent_llm_worker": 20,
    "precision": 1.0,
    "recall": 1.0,
    "f1_score": 1.0
  },
  "Q3": {
    "query_id": 3,
    "status": "success",
    "execution_time": 1.8980779647827148,
    "token_usage": 13843,
    "money_cost": 0.004944900000000002,
    "row_count": 1,
    "model_name": "gemini-2.5-flash",
    "concurrent_llm_worker": 20,
    "relative_error": 0.5714285714285714,
    "absolute_error": 8.0,
    "mean_absolute_percentage_error": 57.14285714285714
  },
  "Q4": {
    "query_id": 4,
    "status": "success",
    "execution_time": 2.113041877746582,
    "token_usage": 13963,
    "money_cost": 0.0049809,
    "row_count": 1,
    "model_name": "gemini-2.5-flash",
    "concurrent_llm_worker": 20,
    "relative_error": 0.5714285969734192,
    "absolute_error": 0.06666666716337204,
    "mean_absolute_percentage_error": 57.14285969734192
  },
  "Q5": {
    "query_id": 5,
    "status": "success",
    "execution_time": 567.3796055316925,
    "token_usage": 7141431,
    "money_cost": 2.5469741000000248,
    "row_count": 10,
    "model_name": "gemini-2.5-flash",
    "concurrent_llm_worker": 20,
    "precision": 0.8,
    "recall": 0.4,
    "f1_score": 0.5333333333333333
  },
  "Q6": {
    "query_id": 6,
    "status": "success",
    "execution_time": 435.4675750732422,
    "token_usage": 5404605,
    "money_cost": 1.8402397000000577,
    "row_count": 10,
    "model_name": "gemini-2.5-flash",
    "concurrent_llm_worker": 20,
    "precision": 1.0,
    "recall": 0.5,
    "f1_score": 0.6666666666666666
  },
  "Q7": {
    "query_id": 7,
    "status": "success",
    "execution_time": 413.9543523788452,
    "token_usage": 5247703,
    "money_cost": 1.78554610000005,
    "row_count": 3378,
    "model_name": "gemini-2.5-flash",
    "concurrent_llm_worker": 20,
    "precision": 0.4411764705882353,
    "recall": 0.1282991202346041,
    "f1_score": 0.19878833775085195
  },
  "Q8": {
    "query_id": 8,
    "status": "success",
    "execution_time": 2.054302453994751,
    "token_usage": 12523,
    "money_cost": 0.004020899999999999,
    "row_count": 2,
    "model_name": "gemini-2.5-flash",
    "concurrent_llm_worker": 20,
    "relative_error": 0.08086253369272237,
    "absolute_error": 4.0,
    "mean_absolute_percentage_error": 8.086253369272237
  },
  "Q9": {
    "query_id": 9,
    "status": "success",
    "execution_time": 4.03939962387085,
    "token_usage": 57294,
    "money_cost": 0.017751399999999994,
    "row_count": 256,
    "model_name": "gemini-2.5-flash",
    "concurrent_llm_worker": 20,
    "spearman_correlation": 0.7483457884063187,
    "kendall_tau": 0.6457194809239806
  },
  "Q10": {
    "query_id": 10,
    "status": "success",
    "execution_time": 29.114759922027588,
    "token_usage": 419648,
    "money_cost": 0.13029439999999987,
    "row_count": 105,
    "model_name": "gemini-2.5-flash",
    "concurrent_llm_worker": 20,
    "spearman_correlation": 0.403922219806559,
    "kendall_tau": 0.2828292214405485
  }
}