{
  "Q1": {
    "query_id": 1,
    "status": "success",
    "execution_time": 132.16999006271362,
    "token_usage": 271372,
    "money_cost": 0.10984300000000004,
    "row_count": 5,
    "model_name": "gpt-5-mini",
    "concurrent_llm_worker": 20,
    "precision": 1.0,
    "recall": 1.0,
    "f1_score": 1.0
  },
  "Q2": {
    "query_id": 2,
    "status": "success",
    "execution_time": 8.398715019226074,
    "token_usage": 15794,
    "money_cost": 0.006468500000000001,
    "row_count": 5,
    "model_name": "gpt-5-mini",
    "concurrent_llm_worker": 20,
    "precision": 0.8,
    "recall": 0.8,
    "f1_score": 0.8000000000000002
  },
  "Q3": {
    "query_id": 3,
    "status": "success",
    "execution_time": 8.871707439422607,
    "token_usage": 15434,
    "money_cost": 0.006378499999999999,
    "row_count": 1,
    "model_name": "gpt-5-mini",
    "concurrent_llm_worker": 20,
    "relative_error": 0.2857142857142857,
    "absolute_error": 4.0,
    "mean_absolute_percentage_error": 28.57142857142857
  },
  "Q4": {
    "query_id": 4,
    "status": "success",
    "execution_time": 9.510729551315308,
    "token_usage": 15554,
    "money_cost": 0.006408499999999996,
    "row_count": 1,
    "model_name": "gpt-5-mini",
    "concurrent_llm_worker": 20,
    "relative_error": 0.2857142984867096,
    "absolute_error": 0.03333333383003874,
    "mean_absolute_percentage_error": 28.57142984867096
  },
  "Q5": {
    "query_id": 5,
    "status": "success",
    "execution_time": 1650.1109273433685,
    "token_usage": 5281642,
    "money_cost": 1.811876999999986,
    "row_count": 10,
    "model_name": "gpt-5-mini",
    "concurrent_llm_worker": 20,
    "precision": 1.0,
    "recall": 0.2,
    "f1_score": 0.33333333333333337
  },
  "Q6": {
    "query_id": 6,
    "status": "success",
    "execution_time": 2043.1600377559662,
    "token_usage": 6911810,
    "money_cost": 2.3762802499999767,
    "row_count": 10,
    "model_name": "gpt-5-mini",
    "concurrent_llm_worker": 20,
    "precision": 0.8333333333333334,
    "recall": 0.5,
    "f1_score": 0.625
  },
  "Q7": {
    "query_id": 7,
    "status": "success",
    "execution_time": 2014.0012166500092,
    "token_usage": 6911536,
    "money_cost": 2.3762957499999704,
    "row_count": 6161,
    "model_name": "gpt-5-mini",
    "concurrent_llm_worker": 20,
    "precision": 0.45557000433463374,
    "recall": 0.25684261974584555,
    "f1_score": 0.3284888263791217
  },
  "Q8": {
    "query_id": 8,
    "status": "success",
    "execution_time": 8.382320642471313,
    "token_usage": 14834,
    "money_cost": 0.0060184999999999995,
    "row_count": 2,
    "model_name": "gpt-5-mini",
    "concurrent_llm_worker": 20,
    "relative_error": 0.08086253369272237,
    "absolute_error": 4.0,
    "mean_absolute_percentage_error": 8.086253369272237
  },
  "Q9": {
    "query_id": 9,
    "status": "success",
    "execution_time": 16.44090700149536,
    "token_usage": 58430,
    "money_cost": 0.019087499999999997,
    "row_count": 256,
    "model_name": "gpt-5-mini",
    "concurrent_llm_worker": 20,
    "spearman_correlation": 0.7455787082910926,
    "kendall_tau": 0.6448929935185843
  },
  "Q10": {
    "query_id": 10,
    "status": "success",
    "execution_time": 131.7552192211151,
    "token_usage": 433372,
    "money_cost": 0.1433429999999999,
    "row_count": 105,
    "model_name": "gpt-5-mini",
    "concurrent_llm_worker": 20,
    "spearman_correlation": 0.3992547667703902,
    "kendall_tau": 0.27802713456813005
  }
}