{
  "Q1": {
    "query_id": 1,
    "status": "success",
    "execution_time": 4.326455593109131,
    "token_usage": 3667.0,
    "money_cost": 0.00123175,
    "row_count": 5,
    "model_name": "gpt-5-mini",
    "concurrent_llm_worker": 20,
    "precision": 1.0,
    "recall": 1.0,
    "f1_score": 1.0
  },
  "Q2": {
    "query_id": 2,
    "status": "success",
    "execution_time": 63.07730507850647,
    "token_usage": 20509.0,
    "money_cost": 0.006933249999999999,
    "row_count": 5,
    "model_name": "gpt-5-mini",
    "concurrent_llm_worker": 20,
    "precision": 1.0,
    "recall": 1.0,
    "f1_score": 1.0
  },
  "Q3": {
    "query_id": 3,
    "status": "success",
    "execution_time": 11.3240065574646,
    "token_usage": 28744.0,
    "money_cost": 0.009706000000000006,
    "row_count": 1,
    "model_name": "gpt-5-mini",
    "concurrent_llm_worker": 20,
    "relative_error": 0.42857142857142855,
    "absolute_error": 6.0,
    "mean_absolute_percentage_error": 42.857142857142854
  },
  "Q4": {
    "query_id": 4,
    "status": "success",
    "execution_time": 10.55038833618164,
    "token_usage": 46404.0,
    "money_cost": 0.015625999999999987,
    "row_count": 1,
    "model_name": "gpt-5-mini",
    "concurrent_llm_worker": 20,
    "relative_error": 0.3899613916873932,
    "absolute_error": 0.04549549499879005,
    "mean_absolute_percentage_error": 38.99613916873932
  },
  "Q5": {
    "query_id": 5,
    "status": "success",
    "execution_time": 6.8968446254730225,
    "token_usage": 36920.0,
    "money_cost": 0.011330000000000002,
    "row_count": 10,
    "model_name": "gpt-5-mini",
    "concurrent_llm_worker": 20,
    "precision": 0.6,
    "recall": 0.6,
    "f1_score": 0.6
  },
  "Q6": {
    "query_id": 6,
    "status": "success",
    "execution_time": 6.8438401222229,
    "token_usage": 36820.0,
    "money_cost": 0.011305,
    "row_count": 10,
    "model_name": "gpt-5-mini",
    "concurrent_llm_worker": 20,
    "precision": 0.7777777777777778,
    "recall": 0.7,
    "f1_score": 0.7368421052631577
  },
  "Q7": {
    "query_id": 7,
    "status": "success",
    "execution_time": 6158.996766090393,
    "token_usage": 23861239.0,
    "money_cost": 7.341549999999984,
    "row_count": 25432,
    "model_name": "gpt-5-mini",
    "concurrent_llm_worker": 20,
    "precision": 0.5981857886779774,
    "recall": 0.8702346041055719,
    "f1_score": 0.7090094574415132
  },
  "Q8": {
    "query_id": 8,
    "status": "success",
    "execution_time": 17.62248420715332,
    "token_usage": 45936.0,
    "money_cost": 0.015739999999999997,
    "row_count": 3,
    "model_name": "gpt-5-mini",
    "concurrent_llm_worker": 20,
    "relative_error": 0.13544474393530997,
    "absolute_error": 9.0,
    "mean_absolute_percentage_error": 13.544474393530997
  },
  "Q9": {
    "query_id": 9,
    "status": "success",
    "execution_time": 28.818199157714844,
    "token_usage": 127544.0,
    "money_cost": 0.040251000000000016,
    "row_count": 256,
    "model_name": "gpt-5-mini",
    "concurrent_llm_worker": 20,
    "spearman_correlation": 0.7294603033697057,
    "kendall_tau": 0.6317867449671764
  },
  "Q10": {
    "query_id": 10,
    "status": "success",
    "execution_time": 171.02171874046326,
    "token_usage": 973078.0,
    "money_cost": 0.30922174999999946,
    "row_count": 105,
    "model_name": "gpt-5-mini",
    "concurrent_llm_worker": 20,
    "spearman_correlation": 0.3966836470953819,
    "kendall_tau": 0.2770259431297677
  }
}