{
  "Q1": {
    "query_id": "1",
    "status": "success",
    "execution_time": 4.114845037460327,
    "token_usage": 6680.0,
    "money_cost": 0.0027146,
    "row_count": 1,
    "model_name": "gemini-2.5-flash",
    "concurrent_llm_worker": 20,
    "precision": 1.0,
    "recall": 1.0,
    "f1_score": 1.0
  },
  "Q2a": {
    "query_id": "2a",
    "status": "success",
    "execution_time": 132.12228679656982,
    "token_usage": 3392814.0,
    "money_cost": 1.0350042000000017,
    "row_count": 5,
    "model_name": "gemini-2.5-flash",
    "concurrent_llm_worker": 20,
    "precision": 1.0,
    "recall": 1.0,
    "f1_score": 1.0
  },
  "Q2b": {
    "query_id": "2b",
    "status": "success",
    "execution_time": 131.91247034072876,
    "token_usage": 3399659.0,
    "money_cost": 1.0372557000000056,
    "row_count": 5,
    "model_name": "gemini-2.5-flash",
    "concurrent_llm_worker": 20,
    "precision": 1.0,
    "recall": 1.0,
    "f1_score": 1.0
  },
  "Q3a": {
    "query_id": "3a",
    "status": "success",
    "execution_time": 5.012561321258545,
    "token_usage": 66765.0,
    "money_cost": 0.021349499999999993,
    "row_count": 17,
    "model_name": "gemini-2.5-flash",
    "concurrent_llm_worker": 20,
    "precision": 0.7058823529411765,
    "recall": 0.9230769230769231,
    "f1_score": 0.8000000000000002
  },
  "Q3f": {
    "query_id": "3f",
    "status": "success",
    "execution_time": 7.468298673629761,
    "token_usage": 74565.0,
    "money_cost": 0.023689499999999992,
    "row_count": 3,
    "model_name": "gemini-2.5-flash",
    "concurrent_llm_worker": 20,
    "precision": 1.0,
    "recall": 1.0,
    "f1_score": 1.0
  },
  "Q4": {
    "query_id": "4",
    "status": "success",
    "execution_time": 0.9889206886291504,
    "token_usage": 12386.0,
    "money_cost": 0.0047761999999999995,
    "row_count": 24,
    "model_name": "gemini-2.5-flash",
    "concurrent_llm_worker": 20,
    "precision": 0.5238095238095238,
    "recall": 0.5641025641025641,
    "f1_score": 0.5432098765432098
  },
  "Q5": {
    "query_id": "5",
    "status": "success",
    "execution_time": 0.4942138195037842,
    "token_usage": 3991.0,
    "money_cost": 0.0012391,
    "row_count": 1,
    "model_name": "gemini-2.5-flash",
    "concurrent_llm_worker": 20,
    "precision": 1.0,
    "recall": 1.0,
    "f1_score": 1.0
  },
  "Q6a": {
    "query_id": "6a",
    "status": "success",
    "execution_time": 4.146434545516968,
    "token_usage": 47837.0,
    "money_cost": 0.01567110000000001,
    "row_count": 1,
    "model_name": "gemini-2.5-flash",
    "concurrent_llm_worker": 20,
    "precision": 1.0,
    "recall": 1.0,
    "f1_score": 1.0
  },
  "Q6b": {
    "query_id": "6b",
    "status": "success",
    "execution_time": 4.02163553237915,
    "token_usage": 47837.0,
    "money_cost": 0.01567110000000001,
    "row_count": 1,
    "model_name": "gemini-2.5-flash",
    "concurrent_llm_worker": 20,
    "precision": 1.0,
    "recall": 1.0,
    "f1_score": 1.0
  },
  "Q6c": {
    "query_id": "6c",
    "status": "success",
    "execution_time": 5.176127910614014,
    "token_usage": 47837.0,
    "money_cost": 0.015671100000000014,
    "row_count": 5,
    "model_name": "gemini-2.5-flash",
    "concurrent_llm_worker": 20,
    "precision": 1.0,
    "recall": 1.0,
    "f1_score": 1.0
  },
  "Q7": {
    "query_id": "7",
    "status": "success",
    "execution_time": 2029.8259189128876,
    "token_usage": 51283800.0,
    "money_cost": 15.649139999998315,
    "row_count": 37,
    "model_name": "gemini-2.5-flash",
    "concurrent_llm_worker": 20,
    "precision": 0.18518518518518517,
    "recall": 1.0,
    "f1_score": 0.3125
  }
}