{
  "Q1": {
    "query_id": 1,
    "status": "success",
    "execution_time": 26.25328779220581,
    "token_usage": 94127,
    "money_cost": 0.0471471,
    "row_count": 5,
    "model_name": "gemini-2.5-flash",
    "concurrent_llm_worker": 20,
    "precision": 1.0,
    "recall": 1.0,
    "f1_score": 1.0
  },
  "Q2": {
    "query_id": 2,
    "status": "success",
    "execution_time": 9.549462795257568,
    "token_usage": 5852,
    "money_cost": 0.0030315999999999997,
    "row_count": 5,
    "model_name": "gemini-2.5-flash",
    "concurrent_llm_worker": 20,
    "precision": 1.0,
    "recall": 1.0,
    "f1_score": 1.0
  },
  "Q3": {
    "query_id": 3,
    "status": "success",
    "execution_time": 10.938169002532959,
    "token_usage": 6034,
    "money_cost": 0.0031301999999999996,
    "row_count": 1,
    "model_name": "gemini-2.5-flash",
    "concurrent_llm_worker": 20,
    "relative_error": 0.5714285714285714,
    "absolute_error": 8.0,
    "mean_absolute_percentage_error": 57.14285714285714
  },
  "Q4": {
    "query_id": 4,
    "status": "success",
    "execution_time": 11.39604115486145,
    "token_usage": 6034,
    "money_cost": 0.0031301999999999996,
    "row_count": 1,
    "model_name": "gemini-2.5-flash",
    "concurrent_llm_worker": 20,
    "relative_error": 0.5714285969734192,
    "absolute_error": 0.06666666716337204,
    "mean_absolute_percentage_error": 57.14285969734192
  },
  "Q5": {
    "query_id": 5,
    "status": "success",
    "execution_time": 54.458353996276855,
    "token_usage": 2622853,
    "money_cost": 1.0066909,
    "row_count": 10,
    "model_name": "gemini-2.5-flash",
    "concurrent_llm_worker": 20,
    "precision": 0.8888888888888888,
    "recall": 0.8,
    "f1_score": 0.8421052631578948
  },
  "Q6": {
    "query_id": 6,
    "status": "success",
    "execution_time": 54.693835496902466,
    "token_usage": 2602203,
    "money_cost": 1.0004409,
    "row_count": 10,
    "model_name": "gemini-2.5-flash",
    "concurrent_llm_worker": 20,
    "precision": 0.6666666666666666,
    "recall": 0.6,
    "f1_score": 0.631578947368421
  },
  "Q7": {
    "query_id": 7,
    "status": "success",
    "execution_time": 170.83762288093567,
    "token_usage": 8475472,
    "money_cost": 3.2579056,
    "row_count": 31944,
    "model_name": "gemini-2.5-flash",
    "concurrent_llm_worker": 20,
    "precision": 0.6090391328311593,
    "recall": 0.8101173020527859,
    "f1_score": 0.6953329837441007
  },
  "Q8": {
    "query_id": 8,
    "status": "success",
    "execution_time": 10.899981498718262,
    "token_usage": 6034,
    "money_cost": 0.0031301999999999996,
    "row_count": 2,
    "model_name": "gemini-2.5-flash",
    "concurrent_llm_worker": 20,
    "relative_error": 0.32345013477088946,
    "absolute_error": 16.0,
    "mean_absolute_percentage_error": 32.34501347708895
  },
  "Q9": {
    "query_id": 9,
    "status": "success",
    "execution_time": 13.165507078170776,
    "token_usage": 49274,
    "money_cost": 0.017769800000000002,
    "row_count": 256,
    "model_name": "gemini-2.5-flash",
    "concurrent_llm_worker": 20,
    "spearman_correlation": 0.776055863697131,
    "kendall_tau": 0.6876029215543787
  },
  "Q10": {
    "query_id": 10,
    "status": "success",
    "execution_time": 39.064170360565186,
    "token_usage": 358204,
    "money_cost": 0.13159300000000002,
    "row_count": 105,
    "model_name": "gemini-2.5-flash",
    "concurrent_llm_worker": 20,
    "spearman_correlation": 0.4381897887789994,
    "kendall_tau": 0.30980453680637987
  }
}