{
  "Q3": {
    "query_id": 3,
    "status": "success",
    "execution_time": 17.8818039894104,
    "money_cost": 0.1197221,
    "row_count": 493,
    "model_name": "gemini-2.5-flash",
    "concurrent_llm_worker": 20,
    "accuracy": 0.9774610098630232,
    "metric_type": "adjusted-rand-index"
  },
  "Q2": {
    "query_id": 2,
    "status": "success",
    "execution_time": 58.23712372779846,
    "money_cost": 0.37712549999999595,
    "row_count": 7,
    "model_name": "gemini-2.5-flash",
    "concurrent_llm_worker": 20,
    "accuracy": 0.8333333333333333,
    "metric_type": "f1-score",
    "precision": 0.7142857142857143,
    "recall": 1.0,
    "f1_score": 0.8333333333333333
  },
  "Q9": {
    "query_id": 9,
    "status": "success",
    "execution_time": 32.033884048461914,
    "money_cost": 0.09649529999999962,
    "row_count": 33,
    "model_name": "gemini-2.5-flash",
    "concurrent_llm_worker": 20,
    "accuracy": 0.4888888888888888,
    "metric_type": "f1-score",
    "precision": 0.3333333333333333,
    "recall": 0.9166666666666666,
    "f1_score": 0.4888888888888888
  },
  "Q11": {
    "query_id": 11,
    "status": "success",
    "execution_time": 88.86374974250793,
    "money_cost": 0.6070668,
    "row_count": 62,
    "model_name": "gemini-2.5-flash",
    "concurrent_llm_worker": 20,
    "accuracy": 0.7346938775510204,
    "metric_type": "f1-score",
    "precision": 0.5806451612903226,
    "recall": 1.0,
    "f1_score": 0.7346938775510204
  },
  "Q5": {
    "query_id": 5,
    "status": "success",
    "execution_time": 6.456552982330322,
    "money_cost": 0.06731669999999998,
    "row_count": 219,
    "model_name": "gemini-2.5-flash",
    "concurrent_llm_worker": 20,
    "accuracy": 0.9808985983174584,
    "metric_type": "adjusted-rand-index"
  },
  "Q4": {
    "query_id": 4,
    "status": "success",
    "execution_time": 24.3349130153656,
    "money_cost": 0.23913279999999948,
    "row_count": 285,
    "model_name": "gemini-2.5-flash",
    "concurrent_llm_worker": 20,
    "accuracy": 0.5271029721207902,
    "metric_type": "adjusted-rand-index"
  },
  "Q10": {
    "query_id": 10,
    "status": "success",
    "execution_time": 134.66547203063965,
    "money_cost": 1.0235192999999991,
    "row_count": 71,
    "model_name": "gemini-2.5-flash",
    "concurrent_llm_worker": 20,
    "accuracy": 0.05479452054794521,
    "metric_type": "f1-score",
    "precision": 0.028169014084507043,
    "recall": 1.0,
    "f1_score": 0.05479452054794521
  },
  "Q8": {
    "query_id": 8,
    "status": "success",
    "execution_time": 4.426951169967651,
    "money_cost": 0.009766799999999999,
    "row_count": 3,
    "model_name": "gemini-2.5-flash",
    "concurrent_llm_worker": 20,
    "accuracy": 1.0,
    "metric_type": "f1-score",
    "precision": 1.0,
    "recall": 1.0,
    "f1_score": 1.0
  },
  "Q7": {
    "query_id": 7,
    "status": "success",
    "execution_time": 166.87042212486267,
    "money_cost": 1.7889612,
    "row_count": 159,
    "model_name": "gemini-2.5-flash",
    "concurrent_llm_worker": 20,
    "accuracy": 0.9240924092409241,
    "metric_type": "f1-score",
    "precision": 0.8805031446540881,
    "recall": 0.9722222222222222,
    "f1_score": 0.9240924092409241
  },
  "Q13": {
    "query_id": 13,
    "status": "success",
    "execution_time": 41.95281791687012,
    "money_cost": 0.44309099999999996,
    "row_count": 11,
    "model_name": "gemini-2.5-flash",
    "concurrent_llm_worker": 20,
    "accuracy": 0.7826086956521738,
    "metric_type": "f1-score",
    "precision": 0.8181818181818182,
    "recall": 0.75,
    "f1_score": 0.7826086956521738
  },
  "Q12": {
    "query_id": 12,
    "status": "success",
    "execution_time": 15.953438997268677,
    "money_cost": 0.13632689999999997,
    "row_count": 51,
    "model_name": "gemini-2.5-flash",
    "concurrent_llm_worker": 20,
    "accuracy": 0.0,
    "metric_type": "f1-score",
    "precision": 0.0,
    "recall": 0.0,
    "f1_score": 0.0
  },
  "Q6": {
    "query_id": 6,
    "status": "success",
    "execution_time": 39.15984487533569,
    "money_cost": 0.42999090000000084,
    "row_count": 493,
    "model_name": "gemini-2.5-flash",
    "concurrent_llm_worker": 20,
    "accuracy": 0.8926159220479035,
    "metric_type": "adjusted-rand-index"
  },
  "Q1": {
    "query_id": 1,
    "status": "success",
    "execution_time": 11.635759830474854,
    "money_cost": 0.08105130000000002,
    "row_count": 7,
    "model_name": "gemini-2.5-flash",
    "concurrent_llm_worker": 20,
    "accuracy": 1.0,
    "metric_type": "f1-score",
    "precision": 1.0,
    "recall": 1.0,
    "f1_score": 1.0
  }
}