{
  "Q9": {
    "query_id": 9,
    "status": "success",
    "execution_time": 30.22327423095703,
    "token_usage": 22144,
    "money_cost": 0.04409499999999997,
    "row_count": 256,
    "model_name": "gemini-2.5-pro",
    "concurrent_llm_worker": 20,
    "spearman_correlation": 0.8020479386364552,
    "kendall_tau": 0.6934928070350986
  },
  "Q10": {
    "query_id": 10,
    "status": "success",
    "execution_time": 139.99192786216736,
    "token_usage": 145939,
    "money_cost": 0.31108375000000066,
    "row_count": 105,
    "model_name": "gemini-2.5-pro",
    "concurrent_llm_worker": 20,
    "spearman_correlation": 0.43379748677319996,
    "kendall_tau": 0.3060122082681745
  }
}