{
  "Q1": {
    "query_id": 1,
    "status": "success",
    "execution_time": 31.575604677200317,
    "token_usage": 245648,
    "money_cost": 0.08689440000000002,
    "row_count": 5,
    "model_name": "vertex_ai/gemini-2.5-flash",
    "concurrent_llm_worker": 20,
    "precision": 1.0,
    "recall": 1.0,
    "f1_score": 1.0
  },
  "Q2": {
    "query_id": 2,
    "status": "success",
    "execution_time": 1.8644235134124756,
    "token_usage": 14203,
    "money_cost": 0.005052899999999999,
    "row_count": 5,
    "model_name": "vertex_ai/gemini-2.5-flash",
    "concurrent_llm_worker": 20,
    "precision": 1.0,
    "recall": 1.0,
    "f1_score": 1.0
  },
  "Q3": {
    "query_id": 3,
    "status": "success",
    "execution_time": 2.1791086196899414,
    "token_usage": 13843,
    "money_cost": 0.004944900000000002,
    "row_count": 1,
    "model_name": "vertex_ai/gemini-2.5-flash",
    "concurrent_llm_worker": 20,
    "relative_error": 0.5714285714285714,
    "absolute_error": 8.0,
    "mean_absolute_percentage_error": 57.14285714285714
  },
  "Q4": {
    "query_id": 4,
    "status": "success",
    "execution_time": 1.843437910079956,
    "token_usage": 13963,
    "money_cost": 0.0049809,
    "row_count": 1,
    "model_name": "vertex_ai/gemini-2.5-flash",
    "concurrent_llm_worker": 20,
    "relative_error": 0.5714285732532034,
    "absolute_error": 0.06666666716337204,
    "mean_absolute_percentage_error": 57.14285732532034
  },
  "Q5": {
    "query_id": 5,
    "status": "success",
    "execution_time": 683.943101644516,
    "token_usage": 6811067,
    "money_cost": 2.42258909999998,
    "row_count": 10,
    "model_name": "vertex_ai/gemini-2.5-flash",
    "concurrent_llm_worker": 20,
    "precision": 1.0,
    "recall": 0.5,
    "f1_score": 0.6666666666666666
  },
  "Q6": {
    "query_id": 6,
    "status": "success",
    "execution_time": 617.2585158348083,
    "token_usage": 5511553,
    "money_cost": 1.873595700000047,
    "row_count": 10,
    "model_name": "vertex_ai/gemini-2.5-flash",
    "concurrent_llm_worker": 20,
    "precision": 1.0,
    "recall": 0.5,
    "f1_score": 0.6666666666666666
  },
  "Q7": {
    "query_id": 7,
    "status": "success",
    "execution_time": 599.2162549495697,
    "token_usage": 5514427,
    "money_cost": 1.8796059000000507,
    "row_count": 3724,
    "model_name": "vertex_ai/gemini-2.5-flash",
    "concurrent_llm_worker": 20,
    "precision": 0.4642857142857143,
    "recall": 0.15249266862170088,
    "f1_score": 0.22958057395143489
  },
  "Q8": {
    "query_id": 8,
    "status": "success",
    "execution_time": 2.372347354888916,
    "token_usage": 12523,
    "money_cost": 0.004020899999999999,
    "row_count": 2,
    "model_name": "vertex_ai/gemini-2.5-flash",
    "concurrent_llm_worker": 20,
    "relative_error": 0.08086253369272237,
    "absolute_error": 4.0,
    "mean_absolute_percentage_error": 8.086253369272237
  },
  "Q9": {
    "query_id": 9,
    "status": "success",
    "execution_time": 4.29095721244812,
    "token_usage": 57294,
    "money_cost": 0.017751399999999994,
    "row_count": 256,
    "model_name": "vertex_ai/gemini-2.5-flash",
    "concurrent_llm_worker": 20,
    "spearman_correlation": 0.7483457884063187,
    "kendall_tau": 0.6457194809239806
  },
  "Q10": {
    "query_id": 10,
    "status": "success",
    "execution_time": 30.185030937194824,
    "token_usage": 419648,
    "money_cost": 0.13029439999999987,
    "row_count": 105,
    "model_name": "vertex_ai/gemini-2.5-flash",
    "concurrent_llm_worker": 20,
    "spearman_correlation": 0.403922219806559,
    "kendall_tau": 0.2828292214405485
  }
}