{
  "Q1": {
    "query_id": 1,
    "status": "success",
    "execution_time": 267.83012771606445,
    "token_usage": 530964,
    "money_cost": 0.6290270000000007,
    "row_count": 5,
    "model_name": "gpt-5-mini",
    "concurrent_llm_worker": 20,
    "precision": 1.0,
    "recall": 1.0,
    "f1_score": 1.0
  },
  "Q2": {
    "query_id": 2,
    "status": "success",
    "execution_time": 18.923378229141235,
    "token_usage": 31474,
    "money_cost": 0.0378285,
    "row_count": 5,
    "model_name": "gpt-5-mini",
    "concurrent_llm_worker": 20,
    "precision": 0.8,
    "recall": 0.8,
    "f1_score": 0.8000000000000002
  },
  "Q3": {
    "query_id": 3,
    "status": "success",
    "execution_time": 18.23241639137268,
    "token_usage": 29258,
    "money_cost": 0.034026500000000015,
    "row_count": 1,
    "model_name": "gpt-5-mini",
    "concurrent_llm_worker": 20,
    "relative_error": 0.42857142857142855,
    "absolute_error": 6.0,
    "mean_absolute_percentage_error": 42.857142857142854
  },
  "Q4": {
    "query_id": 4,
    "status": "success",
    "execution_time": 20.74052929878235,
    "token_usage": 30786,
    "money_cost": 0.036872500000000016,
    "row_count": 1,
    "model_name": "gpt-5-mini",
    "concurrent_llm_worker": 20,
    "relative_error": 0.2857142887553393,
    "absolute_error": 0.03333333383003874,
    "mean_absolute_percentage_error": 28.57142887553393
  },
  "Q5": {
    "query_id": 5,
    "status": "success",
    "execution_time": 5362.863054275513,
    "token_usage": 11805152,
    "money_cost": 13.478896000000123,
    "row_count": 10,
    "model_name": "gpt-5-mini",
    "concurrent_llm_worker": 20,
    "precision": 0.8,
    "recall": 0.4,
    "f1_score": 0.5333333333333333
  },
  "Q6": {
    "query_id": 6,
    "status": "success",
    "execution_time": 5312.228843450546,
    "token_usage": 11464967,
    "money_cost": 13.242425749999905,
    "row_count": 10,
    "model_name": "gpt-5-mini",
    "concurrent_llm_worker": 20,
    "precision": 0.2,
    "recall": 0.1,
    "f1_score": 0.13333333333333333
  },
  "Q7": {
    "query_id": 7,
    "status": "success",
    "execution_time": 5619.5139627456665,
    "token_usage": 11591567,
    "money_cost": 13.424857500000046,
    "row_count": 5167,
    "model_name": "gpt-5-mini",
    "concurrent_llm_worker": 20,
    "precision": 0.4113229347198151,
    "recall": 0.1739980449657869,
    "f1_score": 0.24454748411471752
  },
  "Q8": {
    "query_id": 8,
    "status": "success",
    "execution_time": 19.178261280059814,
    "token_usage": 23219,
    "money_cost": 0.022788499999999986,
    "row_count": 2,
    "model_name": "gpt-5-mini",
    "concurrent_llm_worker": 20,
    "relative_error": 0.04043126684636118,
    "absolute_error": 2.0,
    "mean_absolute_percentage_error": 4.0431266846361185
  },
  "Q9": {
    "query_id": 9,
    "status": "success",
    "execution_time": 46.52352833747864,
    "token_usage": 86336,
    "money_cost": 0.07489949999999995,
    "row_count": 256,
    "model_name": "gpt-5-mini",
    "concurrent_llm_worker": 20,
    "spearman_correlation": 0.7558826367824538,
    "kendall_tau": 0.6525541905341088
  },
  "Q10": {
    "query_id": 10,
    "status": "success",
    "execution_time": 283.7068634033203,
    "token_usage": 619620,
    "money_cost": 0.5158390000000008,
    "row_count": 105,
    "model_name": "gpt-5-mini",
    "concurrent_llm_worker": 20,
    "spearman_correlation": 0.4084853990558125,
    "kendall_tau": 0.2863391144734233
  }
}