{
  "Q1": {
    "query_id": 1,
    "status": "success",
    "execution_time": 35.457934856414795,
    "token_usage": 247648,
    "money_cost": 0.027164799999999996,
    "row_count": 5,
    "model_name": "vertex_ai/gemini-2.0-flash",
    "concurrent_llm_worker": 20,
    "precision": 1.0,
    "recall": 1.0,
    "f1_score": 1.0
  },
  "Q2": {
    "query_id": 2,
    "status": "success",
    "execution_time": 2.245103359222412,
    "token_usage": 14323,
    "money_cost": 0.0015763,
    "row_count": 5,
    "model_name": "vertex_ai/gemini-2.0-flash",
    "concurrent_llm_worker": 20,
    "precision": 0.6,
    "recall": 0.6,
    "f1_score": 0.6
  },
  "Q3": {
    "query_id": 3,
    "status": "success",
    "execution_time": 2.176896095275879,
    "token_usage": 13963,
    "money_cost": 0.0015402999999999999,
    "row_count": 1,
    "model_name": "vertex_ai/gemini-2.0-flash",
    "concurrent_llm_worker": 20,
    "relative_error": 0.07142857142857142,
    "absolute_error": 1.0,
    "mean_absolute_percentage_error": 7.142857142857142
  },
  "Q4": {
    "query_id": 4,
    "status": "success",
    "execution_time": 2.419379234313965,
    "token_usage": 14083,
    "money_cost": 0.0015522999999999997,
    "row_count": 1,
    "model_name": "vertex_ai/gemini-2.0-flash",
    "concurrent_llm_worker": 20,
    "relative_error": 0.14285714650640677,
    "absolute_error": 0.016666667163372034,
    "mean_absolute_percentage_error": 14.285714650640676
  },
  "Q5": {
    "query_id": 5,
    "status": "success",
    "execution_time": 639.7144343852997,
    "token_usage": 5993613,
    "money_cost": 0.6334515000000069,
    "row_count": 10,
    "model_name": "vertex_ai/gemini-2.0-flash",
    "concurrent_llm_worker": 20,
    "precision": 1.0,
    "recall": 0.2,
    "f1_score": 0.33333333333333337
  },
  "Q6": {
    "query_id": 6,
    "status": "success",
    "execution_time": 690.4245142936707,
    "token_usage": 6334082,
    "money_cost": 0.6693614000000053,
    "row_count": 10,
    "model_name": "vertex_ai/gemini-2.0-flash",
    "concurrent_llm_worker": 20,
    "precision": 0.6,
    "recall": 0.3,
    "f1_score": 0.4
  },
  "Q7": {
    "query_id": 7,
    "status": "success",
    "execution_time": 690.0685110092163,
    "token_usage": 6225560,
    "money_cost": 0.6579065000000033,
    "row_count": 9231,
    "model_name": "vertex_ai/gemini-2.0-flash",
    "concurrent_llm_worker": 20,
    "precision": 0.44383676903660074,
    "recall": 0.2578201368523949,
    "f1_score": 0.32617096923790384
  },
  "Q8": {
    "query_id": 8,
    "status": "success",
    "execution_time": 2.257667303085327,
    "token_usage": 12643,
    "money_cost": 0.0013363,
    "row_count": 4,
    "model_name": "vertex_ai/gemini-2.0-flash",
    "concurrent_llm_worker": 20,
    "relative_error": 0.08086253369272237,
    "absolute_error": 4.0,
    "mean_absolute_percentage_error": 8.086253369272237
  },
  "Q9": {
    "query_id": 9,
    "status": "success",
    "execution_time": 4.289685249328613,
    "token_usage": 57550,
    "money_cost": 0.005908599999999995,
    "row_count": 256,
    "model_name": "vertex_ai/gemini-2.0-flash",
    "concurrent_llm_worker": 20,
    "spearman_correlation": 0.79627615344216,
    "kendall_tau": 0.6951307364384611
  },
  "Q10": {
    "query_id": 10,
    "status": "success",
    "execution_time": 33.19937038421631,
    "token_usage": 421648,
    "money_cost": 0.043364800000000016,
    "row_count": 105,
    "model_name": "vertex_ai/gemini-2.0-flash",
    "concurrent_llm_worker": 20,
    "spearman_correlation": 0.38211384356963934,
    "kendall_tau": 0.27057390264933073
  }
}