{
  "Q1": {
    "query_id": 1,
    "status": "success",
    "execution_time": 50.934563875198364,
    "token_usage": 255372,
    "money_cost": 0.0410058,
    "row_count": 5,
    "model_name": "gpt-4o-mini",
    "concurrent_llm_worker": 20,
    "precision": 1.0,
    "recall": 1.0,
    "f1_score": 1.0
  },
  "Q2": {
    "query_id": 2,
    "status": "success",
    "execution_time": 3.6506457328796387,
    "token_usage": 14834,
    "money_cost": 0.0023870999999999983,
    "row_count": 5,
    "model_name": "gpt-4o-mini",
    "concurrent_llm_worker": 20,
    "precision": 1.0,
    "recall": 1.0,
    "f1_score": 1.0
  },
  "Q3": {
    "query_id": 3,
    "status": "success",
    "execution_time": 3.5974724292755127,
    "token_usage": 14474,
    "money_cost": 0.0023331000000000003,
    "row_count": 1,
    "model_name": "gpt-4o-mini",
    "concurrent_llm_worker": 20,
    "relative_error": 0.35714285714285715,
    "absolute_error": 5.0,
    "mean_absolute_percentage_error": 35.714285714285715
  },
  "Q4": {
    "query_id": 4,
    "status": "success",
    "execution_time": 3.3713929653167725,
    "token_usage": 14594,
    "money_cost": 0.0023510999999999988,
    "row_count": 1,
    "model_name": "gpt-4o-mini",
    "concurrent_llm_worker": 20,
    "relative_error": 0.4285714310042718,
    "absolute_error": 0.05000000049670544,
    "mean_absolute_percentage_error": 42.85714310042718
  },
  "Q5": {
    "query_id": 5,
    "status": "success",
    "execution_time": 663.3466796875,
    "token_usage": 3964839,
    "money_cost": 0.6218495999999947,
    "row_count": 10,
    "model_name": "gpt-4o-mini",
    "concurrent_llm_worker": 20,
    "precision": 0.0,
    "recall": 0.0,
    "f1_score": 0.0
  },
  "Q6": {
    "query_id": 6,
    "status": "success",
    "execution_time": 586.95157122612,
    "token_usage": 3059510,
    "money_cost": 0.48056880000000646,
    "row_count": 10,
    "model_name": "gpt-4o-mini",
    "concurrent_llm_worker": 20,
    "precision": 0.3333333333333333,
    "recall": 0.1,
    "f1_score": 0.15384615384615383
  },
  "Q7": {
    "query_id": 7,
    "status": "success",
    "execution_time": 588.692821264267,
    "token_usage": 3066619,
    "money_cost": 0.4816392000000061,
    "row_count": 22378,
    "model_name": "gpt-4o-mini",
    "concurrent_llm_worker": 20,
    "precision": 0.4341272233946337,
    "recall": 0.3519061583577713,
    "f1_score": 0.3887164259684168
  },
  "Q8": {
    "query_id": 8,
    "status": "success",
    "execution_time": 5.398061037063599,
    "token_usage": 13874,
    "money_cost": 0.0021890999999999994,
    "row_count": 2,
    "model_name": "gpt-4o-mini",
    "concurrent_llm_worker": 20,
    "relative_error": 0.08086253369272237,
    "absolute_error": 4.0,
    "mean_absolute_percentage_error": 8.086253369272237
  },
  "Q9": {
    "query_id": 9,
    "status": "success",
    "execution_time": 7.839366912841797,
    "token_usage": 56382,
    "money_cost": 0.00857250000000001,
    "row_count": 256,
    "model_name": "gpt-4o-mini",
    "concurrent_llm_worker": 20,
    "spearman_correlation": 0.7565910010064723,
    "kendall_tau": 0.6636440369406376
  },
  "Q10": {
    "query_id": 10,
    "status": "success",
    "execution_time": 63.34080481529236,
    "token_usage": 417372,
    "money_cost": 0.06350580000000004,
    "row_count": 105,
    "model_name": "gpt-4o-mini",
    "concurrent_llm_worker": 20,
    "spearman_correlation": 0.38457091176262337,
    "kendall_tau": 0.26789774590807375
  }
}