{
  "Q7": {
    "query_id": "7",
    "status": "success",
    "execution_time": 6769.6935749053955,
    "token_usage": 17490983,
    "money_cost": 31.926545299999997,
    "row_count": 4213,
    "model_name": "gemini-2.5-flash",
    "concurrent_llm_worker": 20,
    "precision": 0.3854466858789625,
    "recall": 0.1307429130009775,
    "f1_score": 0.19525547445255473
  }
}