{
  "Q1": {
    "query_id": "1",
    "status": "success",
    "execution_time": 18.962848901748657,
    "token_usage": 105183,
    "money_cost": 0.0369867,
    "row_count": 3,
    "model_name": "gemini-2.5-flash",
    "concurrent_llm_worker": 20,
    "accuracy": 0.6,
    "metric_type": "f1-score",
    "precision": 1.0,
    "recall": 0.42857142857142855,
    "f1_score": 0.6
  },
  "Q12": {
    "query_id": "12",
    "status": "success",
    "execution_time": 30.789215087890625,
    "token_usage": 277262,
    "money_cost": 0.10537659999999999,
    "row_count": 51,
    "model_name": "gemini-2.5-flash",
    "concurrent_llm_worker": 20,
    "accuracy": 0.9696969696969697,
    "metric_type": "f1-score",
    "precision": 0.9411764705882353,
    "recall": 1.0,
    "f1_score": 0.9696969696969697
  },
  "Q13": {
    "query_id": "13",
    "status": "success",
    "execution_time": 22.6840660572052,
    "token_usage": 1248397,
    "money_cost": 0.37997729999999996,
    "row_count": 11,
    "model_name": "gemini-2.5-flash",
    "concurrent_llm_worker": 20,
    "accuracy": 0.6956521739130435,
    "metric_type": "f1-score",
    "precision": 0.7272727272727273,
    "recall": 0.6666666666666666,
    "f1_score": 0.6956521739130435
  },
  "Q14": {
    "query_id": "14",
    "status": "success",
    "execution_time": 67.4820327758789,
    "token_usage": 13703827,
    "money_cost": 4.1786573,
    "row_count": 2,
    "model_name": "gemini-2.5-flash",
    "concurrent_llm_worker": 20,
    "accuracy": 0.6666666666666666,
    "metric_type": "f1-score",
    "precision": 1.0,
    "recall": 0.5,
    "f1_score": 0.6666666666666666
  },
  "Q2": {
    "query_id": "2",
    "status": "success",
    "execution_time": 45.16615676879883,
    "token_usage": 12997486,
    "money_cost": 3.9631426,
    "row_count": 34,
    "model_name": "gemini-2.5-flash",
    "concurrent_llm_worker": 20,
    "accuracy": 0.20512820512820512,
    "metric_type": "f1-score",
    "precision": 0.11764705882352941,
    "recall": 0.8,
    "f1_score": 0.20512820512820512
  },
  "Q3": {
    "query_id": "3",
    "status": "success",
    "execution_time": 26.353607892990112,
    "token_usage": 141168,
    "money_cost": 0.11935699999999999,
    "row_count": 493,
    "model_name": "gemini-2.5-flash",
    "concurrent_llm_worker": 20,
    "accuracy": 0.9622165649768203,
    "metric_type": "adjusted-rand-index"
  },
  "Q4": {
    "query_id": "4",
    "status": "success",
    "execution_time": 35.513221979141235,
    "token_usage": 732989,
    "money_cost": 0.3679523,
    "row_count": 285,
    "model_name": "gemini-2.5-flash",
    "concurrent_llm_worker": 20,
    "accuracy": 0.6714706634968705,
    "metric_type": "adjusted-rand-index"
  },
  "Q5": {
    "query_id": "5",
    "status": "success",
    "execution_time": 24.847736120224,
    "token_usage": 156903,
    "money_cost": 0.17068450000000002,
    "row_count": 219,
    "model_name": "gemini-2.5-flash",
    "concurrent_llm_worker": 20,
    "accuracy": 0.9800354654638267,
    "metric_type": "adjusted-rand-index"
  },
  "Q6": {
    "query_id": "6",
    "status": "success",
    "execution_time": 37.86355781555176,
    "token_usage": 691264,
    "money_cost": 0.3550894,
    "row_count": 219,
    "model_name": "gemini-2.5-flash",
    "concurrent_llm_worker": 20,
    "accuracy": 0.8644182700269751,
    "metric_type": "adjusted-rand-index"
  },
  "Q7": {
    "query_id": "7",
    "status": "success",
    "execution_time": 52.0140380859375,
    "token_usage": 2626416,
    "money_cost": 0.8628743999999999,
    "row_count": 200,
    "model_name": "gemini-2.5-flash",
    "concurrent_llm_worker": 20,
    "accuracy": 0.8313953488372092,
    "metric_type": "f1-score",
    "precision": 0.715,
    "recall": 0.9930555555555556,
    "f1_score": 0.8313953488372092
  },
  "Q8": {
    "query_id": "8",
    "status": "success",
    "execution_time": 135.76550197601318,
    "token_usage": 60127846,
    "money_cost": 18.230211399999998,
    "row_count": 18,
    "model_name": "gemini-2.5-flash",
    "concurrent_llm_worker": 20,
    "accuracy": 0.2857142857142857,
    "metric_type": "f1-score",
    "precision": 0.16666666666666666,
    "recall": 1.0,
    "f1_score": 0.2857142857142857
  },
  "Q9": {
    "query_id": "9",
    "status": "success",
    "execution_time": 37.64872622489929,
    "token_usage": 674176,
    "money_cost": 0.2143396,
    "row_count": 32,
    "model_name": "gemini-2.5-flash",
    "concurrent_llm_worker": 20,
    "accuracy": 0.5789473684210527,
    "metric_type": "f1-score",
    "precision": 0.4230769230769231,
    "recall": 0.9166666666666666,
    "f1_score": 0.5789473684210527
  }
}