{
  "Q1": {
    "query_id": 1,
    "status": "success",
    "execution_time": 1.5992145538330078,
    "token_usage": 636,
    "money_cost": 0.0001765,
    "row_count": 5,
    "model_name": "gpt-5-mini",
    "concurrent_llm_worker": 1,
    "precision": 1.0,
    "recall": 1.0,
    "f1_score": 1.0
  },
  "Q2": {
    "query_id": 2,
    "status": "success",
    "execution_time": 13.294517755508423,
    "token_usage": 4895,
    "money_cost": 0.00136375,
    "row_count": 5,
    "model_name": "gpt-5-mini",
    "concurrent_llm_worker": 1,
    "precision": 1.0,
    "recall": 1.0,
    "f1_score": 1.0
  },
  "Q3": {
    "query_id": 3,
    "status": "success",
    "execution_time": 20.758760929107666,
    "token_usage": 7388,
    "money_cost": 0.0020552500000000002,
    "row_count": 1,
    "model_name": "gpt-5-mini",
    "concurrent_llm_worker": 1,
    "relative_error": 0.42857142857142855,
    "absolute_error": 6.0,
    "mean_absolute_percentage_error": 42.857142857142854
  },
  "Q4": {
    "query_id": 4,
    "status": "success",
    "execution_time": 19.23773455619812,
    "token_usage": 7388,
    "money_cost": 0.0020552500000000002,
    "row_count": 1,
    "model_name": "gpt-5-mini",
    "concurrent_llm_worker": 1,
    "relative_error": 0.5714285732532034,
    "absolute_error": 0.06666666716337204,
    "mean_absolute_percentage_error": 57.14285732532034
  },
  "Q5": {
    "query_id": 5,
    "status": "success",
    "execution_time": 7.0487775802612305,
    "token_usage": 4347,
    "money_cost": 0.00135975,
    "row_count": 16,
    "model_name": "gpt-5-mini",
    "concurrent_llm_worker": 1,
    "precision": 0.8125,
    "recall": 1.0,
    "f1_score": 0.896551724137931
  },
  "Q6": {
    "query_id": 6,
    "status": "success",
    "execution_time": 5.206084966659546,
    "token_usage": 1217,
    "money_cost": 0.000558,
    "row_count": 36,
    "model_name": "gpt-5-mini",
    "concurrent_llm_worker": 1,
    "precision": 0.6296296296296297,
    "recall": 1.0,
    "f1_score": 0.7727272727272727
  },
  "Q7": {
    "query_id": 7,
    "status": "success",
    "execution_time": 544.7112424373627,
    "token_usage": 247600,
    "money_cost": 0.07518075,
    "row_count": 1644,
    "model_name": "gpt-5-mini",
    "concurrent_llm_worker": 1,
    "precision": 0.7092391304347826,
    "recall": 0.25513196480938416,
    "f1_score": 0.3752695902228612
  },
  "Q8": {
    "query_id": 8,
    "status": "success",
    "execution_time": 40.57663154602051,
    "token_usage": 14776,
    "money_cost": 0.0041105000000000004,
    "row_count": 2,
    "model_name": "gpt-5-mini",
    "concurrent_llm_worker": 1,
    "relative_error": 0.3638814016172507,
    "absolute_error": 18.0,
    "mean_absolute_percentage_error": 36.38814016172507
  },
  "Q9": {
    "query_id": 9,
    "status": "failed",
    "execution_time": 0.0,
    "error": "No columns to parse from file",
    "row_count": 0,
    "model_name": "gpt-5-mini",
    "concurrent_llm_worker": 1
  },
  "Q10": {
    "query_id": 10,
    "status": "failed",
    "execution_time": 0.0,
    "error": "No columns to parse from file",
    "row_count": 0,
    "model_name": "gpt-5-mini",
    "concurrent_llm_worker": 1
  }
}