{
  "Q1": {
    "query_id": 1,
    "status": "success",
    "execution_time": 1.5211901664733887,
    "token_usage": 636,
    "money_cost": 0.0008825,
    "row_count": 6,
    "model_name": "gemini-2.5-pro",
    "concurrent_llm_worker": 1,
    "precision": 0.8333333333333334,
    "recall": 1.0,
    "f1_score": 0.9090909090909091
  },
  "Q2": {
    "query_id": 2,
    "status": "success",
    "execution_time": 14.293800115585327,
    "token_usage": 4895,
    "money_cost": 0.00681875,
    "row_count": 5,
    "model_name": "gemini-2.5-pro",
    "concurrent_llm_worker": 1,
    "precision": 1.0,
    "recall": 1.0,
    "f1_score": 1.0
  },
  "Q3": {
    "query_id": 3,
    "status": "success",
    "execution_time": 19.527066707611084,
    "token_usage": 7388,
    "money_cost": 0.01027625,
    "row_count": 1,
    "model_name": "gemini-2.5-pro",
    "concurrent_llm_worker": 1,
    "relative_error": 0.42857142857142855,
    "absolute_error": 6.0,
    "mean_absolute_percentage_error": 42.857142857142854
  },
  "Q4": {
    "query_id": 4,
    "status": "success",
    "execution_time": 21.51161289215088,
    "token_usage": 7388,
    "money_cost": 0.01027625,
    "row_count": 1,
    "model_name": "gemini-2.5-pro",
    "concurrent_llm_worker": 1,
    "relative_error": 0.4999999964144516,
    "absolute_error": 0.05833333316337204,
    "mean_absolute_percentage_error": 49.99999964144516
  },
  "Q5": {
    "query_id": 5,
    "status": "success",
    "execution_time": 5.795186996459961,
    "token_usage": 3290,
    "money_cost": 0.005048749999999999,
    "row_count": 16,
    "model_name": "gemini-2.5-pro",
    "concurrent_llm_worker": 1,
    "precision": 0.875,
    "recall": 1.0,
    "f1_score": 0.9333333333333333
  },
  "Q6": {
    "query_id": 6,
    "status": "success",
    "execution_time": 2.7394354343414307,
    "token_usage": 1149,
    "money_cost": 0.00211,
    "row_count": 19,
    "model_name": "gemini-2.5-pro",
    "concurrent_llm_worker": 1,
    "precision": 0.5789473684210527,
    "recall": 1.0,
    "f1_score": 0.7333333333333334
  },
  "Q7": {
    "query_id": 7,
    "status": "success",
    "execution_time": 574.3993566036224,
    "token_usage": 247750,
    "money_cost": 0.37740375000000004,
    "row_count": 1614,
    "model_name": "gemini-2.5-pro",
    "concurrent_llm_worker": 1,
    "precision": 0.6897526501766784,
    "recall": 0.23851417399804498,
    "f1_score": 0.3544579625930634
  },
  "Q8": {
    "query_id": 8,
    "status": "success",
    "execution_time": 38.03314924240112,
    "token_usage": 14776,
    "money_cost": 0.0205525,
    "row_count": 2,
    "model_name": "gemini-2.5-pro",
    "concurrent_llm_worker": 1,
    "relative_error": 0.2830188679245283,
    "absolute_error": 14.0,
    "mean_absolute_percentage_error": 28.30188679245283
  },
  "Q9": {
    "query_id": 9,
    "status": "failed",
    "execution_time": 0.0,
    "error": "No columns to parse from file",
    "row_count": 0,
    "model_name": "gemini-2.5-pro",
    "concurrent_llm_worker": 1
  },
  "Q10": {
    "query_id": 10,
    "status": "failed",
    "execution_time": 0.0,
    "error": "No columns to parse from file",
    "row_count": 0,
    "model_name": "gemini-2.5-pro",
    "concurrent_llm_worker": 1
  }
}