{
  "Q1": {
    "query_id": 1,
    "status": "success",
    "execution_time": 1.9983465671539307,
    "token_usage": 636,
    "money_cost": 0.0002128,
    "row_count": 6,
    "model_name": "gemini-2.5-flash",
    "concurrent_llm_worker": 1,
    "precision": 0.8333333333333334,
    "recall": 1.0,
    "f1_score": 0.9090909090909091
  },
  "Q2": {
    "query_id": 2,
    "status": "success",
    "execution_time": 15.033012866973877,
    "token_usage": 4895,
    "money_cost": 0.0016445000000000001,
    "row_count": 5,
    "model_name": "gemini-2.5-flash",
    "concurrent_llm_worker": 1,
    "precision": 1.0,
    "recall": 1.0,
    "f1_score": 1.0
  },
  "Q3": {
    "query_id": 3,
    "status": "success",
    "execution_time": 21.496329069137573,
    "token_usage": 7388,
    "money_cost": 0.0024782,
    "row_count": 1,
    "model_name": "gemini-2.5-flash",
    "concurrent_llm_worker": 1,
    "relative_error": 0.5714285714285714,
    "absolute_error": 8.0,
    "mean_absolute_percentage_error": 57.14285714285714
  },
  "Q4": {
    "query_id": 4,
    "status": "success",
    "execution_time": 22.46418786048889,
    "token_usage": 7388,
    "money_cost": 0.0024782,
    "row_count": 1,
    "model_name": "gemini-2.5-flash",
    "concurrent_llm_worker": 1,
    "relative_error": 0.5714285732532034,
    "absolute_error": 0.06666666716337204,
    "mean_absolute_percentage_error": 57.14285732532034
  },
  "Q5": {
    "query_id": 5,
    "status": "success",
    "execution_time": 5.777419805526733,
    "token_usage": 3282,
    "money_cost": 0.0012024,
    "row_count": 14,
    "model_name": "gemini-2.5-flash",
    "concurrent_llm_worker": 1,
    "precision": 0.7857142857142857,
    "recall": 1.0,
    "f1_score": 0.88
  },
  "Q6": {
    "query_id": 6,
    "status": "success",
    "execution_time": 2.3727288246154785,
    "token_usage": 1121,
    "money_cost": 0.00044409999999999995,
    "row_count": 12,
    "model_name": "gemini-2.5-flash",
    "concurrent_llm_worker": 1,
    "precision": 1.0,
    "recall": 1.0,
    "f1_score": 1.0
  },
  "Q7": {
    "query_id": 7,
    "status": "success",
    "execution_time": 557.043431520462,
    "token_usage": 247827,
    "money_cost": 0.09154330000000001,
    "row_count": 1615,
    "model_name": "gemini-2.5-flash",
    "concurrent_llm_worker": 1,
    "precision": 0.7056010928961749,
    "recall": 0.2524437927663734,
    "f1_score": 0.3718502519798416
  },
  "Q8": {
    "query_id": 8,
    "status": "success",
    "execution_time": 37.297319650650024,
    "token_usage": 14776,
    "money_cost": 0.0049564,
    "row_count": 2,
    "model_name": "gemini-2.5-flash",
    "concurrent_llm_worker": 1,
    "relative_error": 0.2830188679245283,
    "absolute_error": 14.0,
    "mean_absolute_percentage_error": 28.30188679245283
  },
  "Q9": {
    "query_id": 9,
    "status": "failed",
    "execution_time": 0.0,
    "error": "No columns to parse from file",
    "row_count": 0,
    "model_name": "gemini-2.5-flash",
    "concurrent_llm_worker": 1
  },
  "Q10": {
    "query_id": 10,
    "status": "failed",
    "execution_time": 0.0,
    "error": "No columns to parse from file",
    "row_count": 0,
    "model_name": "gemini-2.5-flash",
    "concurrent_llm_worker": 1
  }
}