{
  "Q3": {
    "query_id": 3,
    "status": "success",
    "execution_time": 15.70234990119934,
    "money_cost": 0.11972210000000001,
    "row_count": 493,
    "model_name": "gemini-2.5-flash",
    "concurrent_llm_worker": 20,
    "accuracy": 0.9774610098630232,
    "metric_type": "adjusted-rand-index"
  },
  "Q2": {
    "query_id": 2,
    "status": "success",
    "execution_time": 45.83094000816345,
    "money_cost": 0.377125499999996,
    "row_count": 7,
    "model_name": "gemini-2.5-flash",
    "concurrent_llm_worker": 20,
    "accuracy": 0.8333333333333333,
    "metric_type": "f1-score",
    "precision": 0.7142857142857143,
    "recall": 1.0,
    "f1_score": 0.8333333333333333
  },
  "Q9": {
    "query_id": 9,
    "status": "success",
    "execution_time": 36.26296806335449,
    "money_cost": 0.09649529999999962,
    "row_count": 33,
    "model_name": "gemini-2.5-flash",
    "concurrent_llm_worker": 20,
    "accuracy": 0.4888888888888888,
    "metric_type": "f1-score",
    "precision": 0.3333333333333333,
    "recall": 0.9166666666666666,
    "f1_score": 0.4888888888888888
  },
  "Q11": {
    "query_id": 11,
    "status": "success",
    "execution_time": 76.1756317615509,
    "money_cost": 0.6070668000000002,
    "row_count": 62,
    "model_name": "gemini-2.5-flash",
    "concurrent_llm_worker": 20,
    "accuracy": 0.7346938775510204,
    "metric_type": "f1-score",
    "precision": 0.5806451612903226,
    "recall": 1.0,
    "f1_score": 0.7346938775510204
  },
  "Q5": {
    "query_id": 5,
    "status": "success",
    "execution_time": 6.767696142196655,
    "money_cost": 0.06732670000000003,
    "row_count": 219,
    "model_name": "gemini-2.5-flash",
    "concurrent_llm_worker": 20,
    "accuracy": 0.9808985983174584,
    "metric_type": "adjusted-rand-index"
  },
  "Q4": {
    "query_id": 4,
    "status": "success",
    "execution_time": 31.697150945663452,
    "money_cost": 0.23913279999999962,
    "row_count": 285,
    "model_name": "gemini-2.5-flash",
    "concurrent_llm_worker": 20,
    "accuracy": 0.5317981210786643,
    "metric_type": "adjusted-rand-index"
  },
  "Q10": {
    "query_id": 10,
    "status": "success",
    "execution_time": 967.3827793598175,
    "money_cost": 1.0138316999999997,
    "row_count": 70,
    "model_name": "gemini-2.5-flash",
    "concurrent_llm_worker": 20,
    "accuracy": 0.05555555555555556,
    "metric_type": "f1-score",
    "precision": 0.02857142857142857,
    "recall": 1.0,
    "f1_score": 0.05555555555555556
  },
  "Q8": {
    "query_id": 8,
    "status": "success",
    "execution_time": 3.7756552696228027,
    "money_cost": 0.009766799999999999,
    "row_count": 3,
    "model_name": "gemini-2.5-flash",
    "concurrent_llm_worker": 20,
    "accuracy": 1.0,
    "metric_type": "f1-score",
    "precision": 1.0,
    "recall": 1.0,
    "f1_score": 1.0
  },
  "Q7": {
    "query_id": 7,
    "status": "success",
    "execution_time": 162.3184518814087,
    "money_cost": 1.7889612000000041,
    "row_count": 159,
    "model_name": "gemini-2.5-flash",
    "concurrent_llm_worker": 20,
    "accuracy": 0.9240924092409241,
    "metric_type": "f1-score",
    "precision": 0.8805031446540881,
    "recall": 0.9722222222222222,
    "f1_score": 0.9240924092409241
  },
  "Q13": {
    "query_id": 13,
    "status": "success",
    "execution_time": 51.960999965667725,
    "money_cost": 0.44309100000000007,
    "row_count": 11,
    "model_name": "gemini-2.5-flash",
    "concurrent_llm_worker": 20,
    "accuracy": 0.7826086956521738,
    "metric_type": "f1-score",
    "precision": 0.8181818181818182,
    "recall": 0.75,
    "f1_score": 0.7826086956521738
  },
  "Q12": {
    "query_id": 12,
    "status": "success",
    "execution_time": 15.349102973937988,
    "money_cost": 0.13632690000000003,
    "row_count": 51,
    "model_name": "gemini-2.5-flash",
    "concurrent_llm_worker": 20,
    "accuracy": 0.0,
    "metric_type": "f1-score",
    "precision": 0.0,
    "recall": 0.0,
    "f1_score": 0.0
  },
  "Q6": {
    "query_id": 6,
    "status": "success",
    "execution_time": 39.41041326522827,
    "money_cost": 0.4299909000000007,
    "row_count": 493,
    "model_name": "gemini-2.5-flash",
    "concurrent_llm_worker": 20,
    "accuracy": 0.8926159220479035,
    "metric_type": "adjusted-rand-index"
  },
  "Q1": {
    "query_id": 1,
    "status": "success",
    "execution_time": 11.18144679069519,
    "money_cost": 0.08105129999999994,
    "row_count": 7,
    "model_name": "gemini-2.5-flash",
    "concurrent_llm_worker": 20,
    "accuracy": 1.0,
    "metric_type": "f1-score",
    "precision": 1.0,
    "recall": 1.0,
    "f1_score": 1.0
  }
}