{
  "Q1": {
    "query_id": "1",
    "status": "success",
    "execution_time": 66.35454297065735,
    "token_usage": 418504.0,
    "money_cost": 0.12687120000000013,
    "row_count": 1,
    "model_name": "gemini-2.5-flash",
    "concurrent_llm_worker": 20,
    "relative_error": 0.2727272727272727,
    "absolute_error": 3.0,
    "mean_absolute_percentage_error": 27.27272727272727
  }
}