{
  "Q1": {
    "query_id": "1",
    "status": "success",
    "execution_time": 19.405736923217773,
    "token_usage": 182594,
    "money_cost": 0.0626982,
    "row_count": 52,
    "model_name": "gemini-2.5-flash",
    "concurrent_llm_worker": 20,
    "precision": 0.40384615384615385,
    "recall": 0.42,
    "f1_score": 0.4117647058823529
  },
  "Q3": {
    "query_id": "3",
    "status": "success",
    "execution_time": 249.52678728103638,
    "token_usage": 2404758,
    "money_cost": 0.7327134,
    "row_count": 5,
    "model_name": "gemini-2.5-flash",
    "concurrent_llm_worker": 20,
    "precision": 0.6,
    "recall": 0.6,
    "f1_score": 0.6
  },
  "Q4": {
    "query_id": "4",
    "status": "success",
    "execution_time": 19.305143356323242,
    "token_usage": 183794,
    "money_cost": 0.0630582,
    "row_count": 1,
    "model_name": "gemini-2.5-flash",
    "concurrent_llm_worker": 20,
    "relative_error": 0.00830216569924865,
    "absolute_error": 0.5318367346938686,
    "mean_absolute_percentage_error": 0.830216569924865
  },
  "Q8": {
    "query_id": "8",
    "status": "success",
    "execution_time": 178.26927590370178,
    "token_usage": 331692,
    "money_cost": 0.105078,
    "row_count": 100,
    "model_name": "gemini-2.5-flash",
    "concurrent_llm_worker": 20,
    "precision": 0.73,
    "recall": 0.73,
    "f1_score": 0.7299999999999999
  },
  "Q9": {
    "query_id": "9",
    "status": "success",
    "execution_time": 175.97499752044678,
    "token_usage": 1022704,
    "money_cost": 0.3171006,
    "row_count": 589,
    "model_name": "gemini-2.5-flash",
    "concurrent_llm_worker": 20,
    "precision": 0.5127334465195246,
    "recall": 0.6439232409381663,
    "f1_score": 0.5708884688090737
  },
  "Q10": {
    "query_id": "10",
    "status": "success",
    "execution_time": 22.684587717056274,
    "token_usage": 386755,
    "money_cost": 0.1586207,
    "row_count": 1200,
    "model_name": "gemini-2.5-flash",
    "concurrent_llm_worker": 20,
    "precision": 0.5860306703288504,
    "recall": 0.5607407407407407,
    "f1_score": 0.547425550523869
  }
}