{
  "Q1": {
    "query_id": 1,
    "status": "success",
    "execution_time": 72.08996510505676,
    "token_usage": 104370,
    "money_cost": 0.1652524999999999,
    "row_count": 8,
    "model_name": "gemini-2.5-pro",
    "concurrent_llm_worker": 20,
    "accuracy": 0.7999999999999999,
    "metric_type": "f1-score",
    "precision": 0.75,
    "recall": 0.8571428571428571,
    "f1_score": 0.7999999999999999
  },
  "Q2": {
    "query_id": 2,
    "status": "success",
    "execution_time": 479.1983678340912,
    "token_usage": 10909147,
    "money_cost": 13.948870000000014,
    "row_count": 49,
    "model_name": "gemini-2.5-pro",
    "concurrent_llm_worker": 20,
    "accuracy": 0.1851851851851852,
    "metric_type": "f1-score",
    "precision": 0.10204081632653061,
    "recall": 1.0,
    "f1_score": 0.1851851851851852
  },
  "Q3": {
    "query_id": 3,
    "status": "success",
    "execution_time": 58.00340700149536,
    "token_usage": 104665,
    "money_cost": 0.13953750000000004,
    "row_count": 468,
    "model_name": "gemini-2.5-pro",
    "concurrent_llm_worker": 20,
    "accuracy": 0.9520641057201426,
    "metric_type": "adjusted-rand-index"
  },
  "Q4": {
    "query_id": 4,
    "status": "success",
    "execution_time": 67.99169874191284,
    "token_usage": 613772,
    "money_cost": 0.7695687499999992,
    "row_count": 257,
    "model_name": "gemini-2.5-pro",
    "concurrent_llm_worker": 20,
    "accuracy": 0.7010793125449906,
    "metric_type": "adjusted-rand-index"
  },
  "Q5": {
    "query_id": 5,
    "status": "success",
    "execution_time": 28.768693923950195,
    "token_usage": 96562,
    "money_cost": 0.12409750000000004,
    "row_count": 198,
    "model_name": "gemini-2.5-pro",
    "concurrent_llm_worker": 20,
    "accuracy": 0.9972685585501554,
    "metric_type": "adjusted-rand-index"
  },
  "Q6": {
    "query_id": 6,
    "status": "success",
    "execution_time": 35.89196968078613,
    "token_usage": 578116,
    "money_cost": 0.7259874999999997,
    "row_count": 198,
    "model_name": "gemini-2.5-pro",
    "concurrent_llm_worker": 20,
    "accuracy": 0.8914227159657991,
    "metric_type": "adjusted-rand-index"
  },
  "Q7": {
    "query_id": 7,
    "status": "success",
    "execution_time": 109.36276507377625,
    "token_usage": 2621245,
    "money_cost": 3.8997050000000195,
    "row_count": 150,
    "model_name": "gemini-2.5-pro",
    "concurrent_llm_worker": 20,
    "accuracy": 0.9690721649484536,
    "metric_type": "f1-score",
    "precision": 0.94,
    "recall": 1.0,
    "f1_score": 0.9690721649484536
  },
  "Q9": {
    "query_id": 9,
    "status": "success",
    "execution_time": 136.5211091041565,
    "token_usage": 804988,
    "money_cost": 1.0692174999999982,
    "row_count": 23,
    "model_name": "gemini-2.5-pro",
    "concurrent_llm_worker": 20,
    "accuracy": 0.6666666666666666,
    "metric_type": "f1-score",
    "precision": 0.5,
    "recall": 1.0,
    "f1_score": 0.6666666666666666
  },
  "Q13": {
    "query_id": 13,
    "status": "success",
    "execution_time": 72.21183276176453,
    "token_usage": 1190054,
    "money_cost": 1.5244225000000005,
    "row_count": 9,
    "model_name": "gemini-2.5-pro",
    "concurrent_llm_worker": 20,
    "accuracy": 0.8571428571428571,
    "metric_type": "f1-score",
    "precision": 1.0,
    "recall": 0.75,
    "f1_score": 0.8571428571428571
  },
  "Q14": {
    "query_id": 14,
    "status": "success",
    "execution_time": 662.7217049598694,
    "token_usage": 11306740,
    "money_cost": 14.421579999999977,
    "row_count": 0,
    "model_name": "gemini-2.5-pro",
    "concurrent_llm_worker": 20,
    "accuracy": 1.0,
    "metric_type": "f1-score",
    "precision": 1.0,
    "recall": 1.0,
    "f1_score": 1.0
  }
}