{
  "Q1": {
    "query_id": 1,
    "status": "success",
    "execution_time": 37.5988609790802,
    "token_usage": 495175,
    "money_cost": 1.0105103000000002,
    "row_count": 209,
    "model_name": "gemini-2.5-flash",
    "concurrent_llm_worker": 20,
    "precision": 0.19138755980861244,
    "recall": 0.8,
    "f1_score": 0.30888030888030893
  },
  "Q2": {
    "query_id": 2,
    "status": "success",
    "execution_time": 19.381568431854248,
    "token_usage": 202815,
    "money_cost": 0.2548599,
    "row_count": 1,
    "model_name": "gemini-2.5-flash",
    "concurrent_llm_worker": 20,
    "precision": 0.0,
    "recall": 0.0,
    "f1_score": 0.0
  },
  "Q3": {
    "query_id": 3,
    "status": "success",
    "execution_time": 43.441187381744385,
    "token_usage": 9731925,
    "money_cost": 5.7238053,
    "row_count": 5,
    "model_name": "gemini-2.5-flash",
    "concurrent_llm_worker": 20,
    "precision": 1.0,
    "recall": 1.0,
    "f1_score": 1.0
  },
  "Q4": {
    "query_id": 4,
    "status": "success",
    "execution_time": 29.014934539794922,
    "token_usage": 349518,
    "money_cost": 0.6463678,
    "row_count": 1,
    "model_name": "gemini-2.5-flash",
    "concurrent_llm_worker": 20,
    "relative_error": 0.015605705472015488,
    "absolute_error": 0.9997014925373122,
    "mean_absolute_percentage_error": 1.5605705472015488
  },
  "Q5": {
    "query_id": 5,
    "status": "success",
    "execution_time": 77.3058762550354,
    "token_usage": 11074061,
    "money_cost": 6.6965845,
    "row_count": 1,
    "model_name": "gemini-2.5-flash",
    "concurrent_llm_worker": 20,
    "relative_error": 1.0,
    "absolute_error": 1.0,
    "mean_absolute_percentage_error": 100.0
  },
  "Q6": {
    "query_id": 6,
    "status": "success",
    "execution_time": 25.847374200820923,
    "token_usage": 775736,
    "money_cost": 0.7988182,
    "row_count": 112,
    "model_name": "gemini-2.5-flash",
    "concurrent_llm_worker": 20,
    "precision": 0.9732142857142857,
    "recall": 0.3811188811188811,
    "f1_score": 0.5477386934673366
  },
  "Q7": {
    "query_id": 7,
    "status": "success",
    "execution_time": 77.8040726184845,
    "token_usage": 14664951,
    "money_cost": 13.982724500000002,
    "row_count": 8639,
    "model_name": "gemini-2.5-flash",
    "concurrent_llm_worker": 20,
    "precision": 0.8213913647412895,
    "recall": 0.9344219120358177,
    "f1_score": 0.8742684654715701
  },
  "Q8": {
    "query_id": 8,
    "status": "success",
    "execution_time": 40.2615647315979,
    "token_usage": 2050560,
    "money_cost": 2.8014312,
    "row_count": 100,
    "model_name": "gemini-2.5-flash",
    "concurrent_llm_worker": 20,
    "precision": 0.55,
    "recall": 0.55,
    "f1_score": 0.55
  },
  "Q9": {
    "query_id": 9,
    "status": "success",
    "execution_time": 33.34782600402832,
    "token_usage": 1390551,
    "money_cost": 1.4973829,
    "row_count": 1060,
    "model_name": "gemini-2.5-flash",
    "concurrent_llm_worker": 20,
    "precision": 0.39339622641509436,
    "recall": 0.8891257995735607,
    "f1_score": 0.5454545454545454
  },
  "Q10": {
    "query_id": 10,
    "status": "success",
    "execution_time": 46.77630114555359,
    "token_usage": 1724276,
    "money_cost": 3.7297448000000006,
    "row_count": 1200,
    "model_name": "gemini-2.5-flash",
    "concurrent_llm_worker": 20,
    "precision": 0.5957642385332481,
    "recall": 0.608,
    "f1_score": 0.5829433388923269
  }
}