{
  "Q1": {
    "query_id": "1",
    "status": "success",
    "execution_time": 19.02541494369507,
    "token_usage": 182594,
    "money_cost": 0.0626982,
    "row_count": 54,
    "model_name": "gemini-2.5-flash",
    "concurrent_llm_worker": 20,
    "precision": 0.3888888888888889,
    "recall": 0.42,
    "f1_score": 0.40384615384615385
  },
  "Q3": {
    "query_id": "3",
    "status": "success",
    "execution_time": 220.8646469116211,
    "token_usage": 2404758,
    "money_cost": 0.7327134,
    "row_count": 5,
    "model_name": "gemini-2.5-flash",
    "concurrent_llm_worker": 20,
    "precision": 0.6,
    "recall": 0.6,
    "f1_score": 0.6
  },
  "Q4": {
    "query_id": "4",
    "status": "success",
    "execution_time": 18.693124532699585,
    "token_usage": 183794,
    "money_cost": 0.0630582,
    "row_count": 1,
    "model_name": "gemini-2.5-flash",
    "concurrent_llm_worker": 20,
    "relative_error": 0.00830216569924865,
    "absolute_error": 0.5318367346938686,
    "mean_absolute_percentage_error": 0.830216569924865
  },
  "Q8": {
    "query_id": "8",
    "status": "success",
    "execution_time": 153.1808364391327,
    "token_usage": 331692,
    "money_cost": 0.105078,
    "row_count": 100,
    "model_name": "gemini-2.5-flash",
    "concurrent_llm_worker": 20,
    "precision": 0.73,
    "recall": 0.73,
    "f1_score": 0.7299999999999999
  },
  "Q9": {
    "query_id": "9",
    "status": "success",
    "execution_time": 176.3754322528839,
    "token_usage": 1022704,
    "money_cost": 0.3171006,
    "row_count": 590,
    "model_name": "gemini-2.5-flash",
    "concurrent_llm_worker": 20,
    "precision": 0.5135593220338983,
    "recall": 0.6460554371002132,
    "f1_score": 0.5722379603399433
  },
  "Q10": {
    "query_id": "10",
    "status": "success",
    "execution_time": 22.59969186782837,
    "token_usage": 386768,
    "money_cost": 0.1586532,
    "row_count": 1200,
    "model_name": "gemini-2.5-flash",
    "concurrent_llm_worker": 20,
    "precision": 0.5842992469911769,
    "recall": 0.5599999999999999,
    "f1_score": 0.5459875370925805
  }
}