{
  "Q1": {
    "query_id": "1",
    "status": "success",
    "execution_time": 29.01903772354126,
    "token_usage": 111184,
    "money_cost": 0.0505328,
    "row_count": 328,
    "model_name": "gemini-2.5-flash",
    "concurrent_llm_worker": 20,
    "precision": 0.125,
    "recall": 0.82,
    "f1_score": 0.21693121693121692
  }
}