{
  "Q1": {
    "query_id": "1",
    "status": "success",
    "execution_time": 57.60876989364624,
    "token_usage": 182594,
    "money_cost": 0.0626982,
    "row_count": 52,
    "model_name": "gemini-2.5-flash",
    "concurrent_llm_worker": 20,
    "precision": 0.38461538461538464,
    "recall": 0.4,
    "f1_score": 0.39215686274509803
  }
}