{
  "Q1": {
    "query_id": "1",
    "status": "success",
    "execution_time": 47.26169991493225,
    "money_cost": 0.10449239999999983,
    "row_count": 220,
    "model_name": "gemini-2.5-flash",
    "concurrent_llm_worker": 20,
    "precision": 0.20909090909090908,
    "recall": 0.92,
    "f1_score": 0.3407407407407407
  }
}