{
  "Q1": {
    "query_id": "1",
    "status": "success",
    "execution_time": 104.90916323661804,
    "token_usage": 66145,
    "money_cost": 0.022087,
    "row_count": 31,
    "model_name": "gemini-2.5-flash",
    "concurrent_llm_worker": 20,
    "precision": 0.3870967741935484,
    "recall": 0.24,
    "f1_score": 0.2962962962962963
  }
}