{
  "Q1": {
    "query_id": 1,
    "status": "success",
    "execution_time": 39.959341526031494,
    "token_usage": 487318,
    "money_cost": 0.9930238000000001,
    "row_count": 209,
    "model_name": "gemini-2.5-flash",
    "concurrent_llm_worker": 20,
    "precision": 0.19138755980861244,
    "recall": 0.8,
    "f1_score": 0.30888030888030893
  },
  "Q2": {
    "query_id": 2,
    "status": "success",
    "execution_time": 18.780308723449707,
    "token_usage": 202815,
    "money_cost": 0.2548599,
    "row_count": 1,
    "model_name": "gemini-2.5-flash",
    "concurrent_llm_worker": 20,
    "precision": 0.0,
    "recall": 0.0,
    "f1_score": 0.0
  },
  "Q3": {
    "query_id": 3,
    "status": "success",
    "execution_time": 43.19449019432068,
    "token_usage": 10146582,
    "money_cost": 5.9653898000000005,
    "row_count": 5,
    "model_name": "gemini-2.5-flash",
    "concurrent_llm_worker": 20,
    "precision": 1.0,
    "recall": 1.0,
    "f1_score": 1.0
  },
  "Q4": {
    "query_id": 4,
    "status": "success",
    "execution_time": 31.059343814849854,
    "token_usage": 349518,
    "money_cost": 0.6463678,
    "row_count": 1,
    "model_name": "gemini-2.5-flash",
    "concurrent_llm_worker": 20,
    "relative_error": 0.015605705472015488,
    "absolute_error": 0.9997014925373122,
    "mean_absolute_percentage_error": 1.5605705472015488
  },
  "Q5": {
    "query_id": 5,
    "status": "success",
    "execution_time": 68.91633701324463,
    "token_usage": 11104249,
    "money_cost": 6.7104985,
    "row_count": 1,
    "model_name": "gemini-2.5-flash",
    "concurrent_llm_worker": 20,
    "relative_error": 1.0,
    "absolute_error": 1.0,
    "mean_absolute_percentage_error": 100.0
  },
  "Q6": {
    "query_id": 6,
    "status": "success",
    "execution_time": 27.160818576812744,
    "token_usage": 775508,
    "money_cost": 0.7987696000000001,
    "row_count": 106,
    "model_name": "gemini-2.5-flash",
    "concurrent_llm_worker": 20,
    "precision": 0.9622641509433962,
    "recall": 0.35664335664335667,
    "f1_score": 0.5204081632653061
  },
  "Q7": {
    "query_id": 7,
    "status": "success",
    "execution_time": 205.1973466873169,
    "token_usage": 16162160,
    "money_cost": 15.395905200000001,
    "row_count": 8620,
    "model_name": "gemini-2.5-flash",
    "concurrent_llm_worker": 20,
    "precision": 0.82169373549884,
    "recall": 0.9327100342375559,
    "f1_score": 0.8736894042185765
  },
  "Q8": {
    "query_id": 8,
    "status": "success",
    "execution_time": 39.23372173309326,
    "token_usage": 2050009,
    "money_cost": 2.8000537,
    "row_count": 100,
    "model_name": "gemini-2.5-flash",
    "concurrent_llm_worker": 20,
    "precision": 0.55,
    "recall": 0.55,
    "f1_score": 0.55
  },
  "Q9": {
    "query_id": 9,
    "status": "success",
    "execution_time": 36.52661490440369,
    "token_usage": 1390551,
    "money_cost": 1.4973829,
    "row_count": 1060,
    "model_name": "gemini-2.5-flash",
    "concurrent_llm_worker": 20,
    "precision": 0.39339622641509436,
    "recall": 0.8891257995735607,
    "f1_score": 0.5454545454545454
  },
  "Q10": {
    "query_id": 10,
    "status": "success",
    "execution_time": 45.93992638587952,
    "token_usage": 1764397,
    "money_cost": 3.8300473000000004,
    "row_count": 1200,
    "model_name": "gemini-2.5-flash",
    "concurrent_llm_worker": 20,
    "precision": 0.5860025194975506,
    "recall": 0.5907692307692308,
    "f1_score": 0.5704394884194653
  }
}