{
  "Q1": {
    "query_id": 1,
    "status": "success",
    "execution_time": 23.62900710105896,
    "token_usage": 102734,
    "money_cost": 0.03245819999999999,
    "row_count": 22,
    "model_name": "gemini-2.5-flash",
    "concurrent_llm_worker": 20,
    "accuracy": 0.4827586206896552,
    "metric_type": "f1-score",
    "precision": 0.3181818181818182,
    "recall": 1.0,
    "f1_score": 0.4827586206896552
  },
  "Q2": {
    "query_id": 2,
    "status": "success",
    "execution_time": 46.17650294303894,
    "token_usage": 10897795,
    "money_cost": 3.2863869999999644,
    "row_count": 40,
    "model_name": "gemini-2.5-flash",
    "concurrent_llm_worker": 20,
    "accuracy": 0.2222222222222222,
    "metric_type": "f1-score",
    "precision": 0.125,
    "recall": 1.0,
    "f1_score": 0.2222222222222222
  },
  "Q3": {
    "query_id": 3,
    "status": "success",
    "execution_time": 23.442052841186523,
    "token_usage": 104669,
    "money_cost": 0.032100000000000004,
    "row_count": 468,
    "model_name": "gemini-2.5-flash",
    "concurrent_llm_worker": 20,
    "accuracy": 0.9649353951904639,
    "metric_type": "adjusted-rand-index"
  },
  "Q4": {
    "query_id": 4,
    "status": "success",
    "execution_time": 31.046457767486572,
    "token_usage": 613784,
    "money_cost": 0.18433189999999988,
    "row_count": 257,
    "model_name": "gemini-2.5-flash",
    "concurrent_llm_worker": 20,
    "accuracy": 0.652134622587017,
    "metric_type": "adjusted-rand-index"
  },
  "Q5": {
    "query_id": 5,
    "status": "success",
    "execution_time": 18.369045972824097,
    "token_usage": 96563,
    "money_cost": 0.029241199999999995,
    "row_count": 198,
    "model_name": "gemini-2.5-flash",
    "concurrent_llm_worker": 20,
    "accuracy": 0.9964710020085928,
    "metric_type": "adjusted-rand-index"
  },
  "Q6": {
    "query_id": 6,
    "status": "success",
    "execution_time": 33.65467619895935,
    "token_usage": 578118,
    "money_cost": 0.17370419999999995,
    "row_count": 198,
    "model_name": "gemini-2.5-flash",
    "concurrent_llm_worker": 20,
    "accuracy": 0.870184946495773,
    "metric_type": "adjusted-rand-index"
  },
  "Q7": {
    "query_id": 7,
    "status": "success",
    "execution_time": 52.12095785140991,
    "token_usage": 2589633,
    "money_cost": 0.8046133999999977,
    "row_count": 160,
    "model_name": "gemini-2.5-flash",
    "concurrent_llm_worker": 20,
    "accuracy": 0.9302325581395348,
    "metric_type": "f1-score",
    "precision": 0.875,
    "recall": 0.9929078014184397,
    "f1_score": 0.9302325581395348
  },
  "Q8": {
    "query_id": 8,
    "status": "success",
    "execution_time": 14012.604083061218,
    "token_usage": 59974121,
    "money_cost": 21.8921257,
    "row_count": 9,
    "model_name": "gemini-2.5-flash",
    "concurrent_llm_worker": 20,
    "accuracy": 0.3636363636363636,
    "metric_type": "f1-score",
    "precision": 0.2222222222222222,
    "recall": 1.0,
    "f1_score": 0.3636363636363636
  },
  "Q9": {
    "query_id": "9",
    "status": "success",
    "execution_time": 57.992390871047974,
    "token_usage": 410625,
    "money_cost": 0.3593421,
    "row_count": 15,
    "model_name": "gemini-2.5-flash",
    "concurrent_llm_worker": 20,
    "accuracy": 0.5714285714285715,
    "metric_type": "f1-score",
    "precision": 0.5,
    "recall": 0.6666666666666666,
    "f1_score": 0.5714285714285715
  },
  "Q13": {
    "query_id": 13,
    "status": "success",
    "execution_time": 32.469427824020386,
    "token_usage": 1188198,
    "money_cost": 0.35810860000000005,
    "row_count": 10,
    "model_name": "gemini-2.5-flash",
    "concurrent_llm_worker": 20,
    "accuracy": 0.8181818181818182,
    "metric_type": "f1-score",
    "precision": 0.9,
    "recall": 0.75,
    "f1_score": 0.8181818181818182
  },
  "Q14": {
    "query_id": 14,
    "status": "success",
    "execution_time": 60.198745250701904,
    "token_usage": 11051566,
    "money_cost": 3.332896300000006,
    "row_count": 0,
    "model_name": "gemini-2.5-flash",
    "concurrent_llm_worker": 20,
    "accuracy": 1.0,
    "metric_type": "f1-score",
    "precision": 1.0,
    "recall": 1.0,
    "f1_score": 1.0
  }
}