{
  "Q1": {
    "query_id": 1,
    "status": "success",
    "execution_time": 98.80674982070923,
    "money_cost": 0.16328800000000007,
    "row_count": 7,
    "model_name": "gemini-2.5-flash",
    "concurrent_llm_worker": 20,
    "accuracy": 1.0,
    "metric_type": "f1-score",
    "precision": 1.0,
    "recall": 1.0,
    "f1_score": 1.0
  },
  "Q2": {
    "query_id": 2,
    "status": "success",
    "execution_time": 170.47736191749573,
    "money_cost": 0.32449499999999903,
    "row_count": 13,
    "model_name": "gemini-2.5-flash",
    "concurrent_llm_worker": 20,
    "accuracy": 0.5555555555555556,
    "metric_type": "f1-score",
    "precision": 0.38461538461538464,
    "recall": 1.0,
    "f1_score": 0.5555555555555556
  },
  "Q3": {
    "query_id": 3,
    "status": "success",
    "execution_time": 101.98438501358032,
    "money_cost": 0.20043300000000006,
    "row_count": 468,
    "model_name": "gemini-2.5-flash",
    "concurrent_llm_worker": 20,
    "accuracy": 0.958315246976703,
    "metric_type": "adjusted-rand-index"
  },
  "Q4": {
    "query_id": 4,
    "status": "success",
    "execution_time": 83.67717695236206,
    "money_cost": 0.19297499999999976,
    "row_count": 257,
    "model_name": "gemini-2.5-flash",
    "concurrent_llm_worker": 20,
    "accuracy": 0.6809893105018857,
    "metric_type": "adjusted-rand-index"
  },
  "Q5": {
    "query_id": 5,
    "status": "success",
    "execution_time": 48.25172519683838,
    "money_cost": 0.08801275,
    "row_count": 198,
    "model_name": "gemini-2.5-flash",
    "concurrent_llm_worker": 20,
    "accuracy": 0.9972685585501554,
    "metric_type": "adjusted-rand-index"
  },
  "Q6": {
    "query_id": 6,
    "status": "success",
    "execution_time": 244.09682989120483,
    "money_cost": 0.4351519999999998,
    "row_count": 468,
    "model_name": "gemini-2.5-flash",
    "concurrent_llm_worker": 20,
    "accuracy": 0.8094631284880811,
    "metric_type": "adjusted-rand-index"
  },
  "Q7": {
    "query_id": 7,
    "status": "success",
    "execution_time": 1905.4041469097137,
    "money_cost": 4.119144249999999,
    "row_count": 146,
    "model_name": "gemini-2.5-flash",
    "concurrent_llm_worker": 20,
    "accuracy": 0.975609756097561,
    "metric_type": "f1-score",
    "precision": 0.958904109589041,
    "recall": 0.9929078014184397,
    "f1_score": 0.975609756097561
  },
  "Q8": {
    "query_id": 8,
    "status": "success",
    "execution_time": 4.999267101287842,
    "money_cost": 0.016278599999999997,
    "row_count": 2,
    "model_name": "gemini-2.5-flash",
    "concurrent_llm_worker": 20,
    "accuracy": 1.0,
    "metric_type": "f1-score",
    "precision": 1.0,
    "recall": 1.0,
    "f1_score": 1.0
  },
  "Q9": {
    "query_id": 9,
    "status": "success",
    "execution_time": 64.3678469657898,
    "money_cost": 0.044906399999999985,
    "row_count": 9,
    "model_name": "gemini-2.5-flash",
    "concurrent_llm_worker": 20,
    "accuracy": 0.5333333333333333,
    "metric_type": "f1-score",
    "precision": 0.4444444444444444,
    "recall": 0.6666666666666666,
    "f1_score": 0.5333333333333333
  }
}