{
  "Q1": {
    "query_id": 1,
    "status": "success",
    "execution_time": 1.8193626403808594,
    "token_usage": 636,
    "money_cost": 6.66e-05,
    "row_count": 5,
    "model_name": "gemini-2.0-flash",
    "concurrent_llm_worker": 1,
    "precision": 1.0,
    "recall": 1.0,
    "f1_score": 1.0
  },
  "Q2": {
    "query_id": 2,
    "status": "success",
    "execution_time": 14.26406455039978,
    "token_usage": 4895,
    "money_cost": 0.0005135,
    "row_count": 5,
    "model_name": "gemini-2.0-flash",
    "concurrent_llm_worker": 1,
    "precision": 1.0,
    "recall": 1.0,
    "f1_score": 1.0
  },
  "Q3": {
    "query_id": 3,
    "status": "success",
    "execution_time": 20.256370067596436,
    "token_usage": 7388,
    "money_cost": 0.0007745,
    "row_count": 1,
    "model_name": "gemini-2.0-flash",
    "concurrent_llm_worker": 1,
    "relative_error": 0.42857142857142855,
    "absolute_error": 6.0,
    "mean_absolute_percentage_error": 42.857142857142854
  },
  "Q4": {
    "query_id": 4,
    "status": "success",
    "execution_time": 20.58531379699707,
    "token_usage": 7388,
    "money_cost": 0.0007745,
    "row_count": 1,
    "model_name": "gemini-2.0-flash",
    "concurrent_llm_worker": 1,
    "relative_error": 0.42857140243284275,
    "absolute_error": 0.04999999716337204,
    "mean_absolute_percentage_error": 42.85714024328428
  },
  "Q5": {
    "query_id": 5,
    "status": "success",
    "execution_time": 5.405892610549927,
    "token_usage": 3286,
    "money_cost": 0.0003595,
    "row_count": 15,
    "model_name": "gemini-2.0-flash",
    "concurrent_llm_worker": 1,
    "precision": 0.7333333333333333,
    "recall": 1.0,
    "f1_score": 0.846153846153846
  },
  "Q6": {
    "query_id": 6,
    "status": "success",
    "execution_time": 3.6789252758026123,
    "token_usage": 2173,
    "money_cost": 0.0002407,
    "row_count": 19,
    "model_name": "gemini-2.0-flash",
    "concurrent_llm_worker": 1,
    "precision": 0.9473684210526315,
    "recall": 1.0,
    "f1_score": 0.972972972972973
  },
  "Q7": {
    "query_id": 7,
    "status": "success",
    "execution_time": 581.4871869087219,
    "token_usage": 246996,
    "money_cost": 0.027005100000000004,
    "row_count": 1655,
    "model_name": "gemini-2.0-flash",
    "concurrent_llm_worker": 1,
    "precision": 0.70249653259362,
    "recall": 0.2475562072336266,
    "f1_score": 0.36610046982291294
  },
  "Q8": {
    "query_id": 8,
    "status": "success",
    "execution_time": 37.225162506103516,
    "token_usage": 14776,
    "money_cost": 0.001549,
    "row_count": 2,
    "model_name": "gemini-2.0-flash",
    "concurrent_llm_worker": 1,
    "relative_error": 0.32345013477088946,
    "absolute_error": 16.0,
    "mean_absolute_percentage_error": 32.34501347708895
  },
  "Q9": {
    "query_id": 9,
    "status": "failed",
    "execution_time": 0.0,
    "error": "No columns to parse from file",
    "row_count": 0,
    "model_name": "gemini-2.0-flash",
    "concurrent_llm_worker": 1
  },
  "Q10": {
    "query_id": 10,
    "status": "failed",
    "execution_time": 0.0,
    "error": "No columns to parse from file",
    "row_count": 0,
    "model_name": "gemini-2.0-flash",
    "concurrent_llm_worker": 1
  }
}