{
  "Q1": {
    "query_id": 1,
    "status": "success",
    "execution_time": 1.5659010410308838,
    "token_usage": 636,
    "money_cost": 9.989999999999999e-05,
    "row_count": 6,
    "model_name": "gpt-4o-mini",
    "concurrent_llm_worker": 1,
    "precision": 0.8333333333333334,
    "recall": 1.0,
    "f1_score": 0.9090909090909091
  },
  "Q2": {
    "query_id": 2,
    "status": "success",
    "execution_time": 15.011133909225464,
    "token_usage": 4895,
    "money_cost": 0.00077025,
    "row_count": 5,
    "model_name": "gpt-4o-mini",
    "concurrent_llm_worker": 1,
    "precision": 1.0,
    "recall": 1.0,
    "f1_score": 1.0
  },
  "Q3": {
    "query_id": 3,
    "status": "success",
    "execution_time": 21.90201473236084,
    "token_usage": 7388,
    "money_cost": 0.0011617499999999998,
    "row_count": 1,
    "model_name": "gpt-4o-mini",
    "concurrent_llm_worker": 1,
    "relative_error": 0.5,
    "absolute_error": 7.0,
    "mean_absolute_percentage_error": 50.0
  },
  "Q4": {
    "query_id": 4,
    "status": "success",
    "execution_time": 20.73615837097168,
    "token_usage": 7388,
    "money_cost": 0.0011617499999999998,
    "row_count": 1,
    "model_name": "gpt-4o-mini",
    "concurrent_llm_worker": 1,
    "relative_error": 0.5714285732532034,
    "absolute_error": 0.06666666716337204,
    "mean_absolute_percentage_error": 57.14285732532034
  },
  "Q5": {
    "query_id": 5,
    "status": "success",
    "execution_time": 6.685947895050049,
    "token_usage": 3294,
    "money_cost": 0.0005440499999999999,
    "row_count": 17,
    "model_name": "gpt-4o-mini",
    "concurrent_llm_worker": 1,
    "precision": 0.8235294117647058,
    "recall": 1.0,
    "f1_score": 0.9032258064516129
  },
  "Q6": {
    "query_id": 6,
    "status": "success",
    "execution_time": 3.6667678356170654,
    "token_usage": 1149,
    "money_cost": 0.000207,
    "row_count": 19,
    "model_name": "gpt-4o-mini",
    "concurrent_llm_worker": 1,
    "precision": 0.6470588235294118,
    "recall": 1.0,
    "f1_score": 0.7857142857142858
  },
  "Q7": {
    "query_id": 7,
    "status": "success",
    "execution_time": 551.6362400054932,
    "token_usage": 248298,
    "money_cost": 0.040689,
    "row_count": 1602,
    "model_name": "gpt-4o-mini",
    "concurrent_llm_worker": 1,
    "precision": 0.7053883834849545,
    "recall": 0.24633431085043989,
    "f1_score": 0.36515124071726135
  },
  "Q8": {
    "query_id": 8,
    "status": "success",
    "execution_time": 39.7626895904541,
    "token_usage": 14776,
    "money_cost": 0.0023234999999999996,
    "row_count": 2,
    "model_name": "gpt-4o-mini",
    "concurrent_llm_worker": 1,
    "relative_error": 0.2830188679245283,
    "absolute_error": 14.0,
    "mean_absolute_percentage_error": 28.30188679245283
  },
  "Q9": {
    "query_id": 9,
    "status": "failed",
    "execution_time": 0.0,
    "error": "No columns to parse from file",
    "row_count": 0,
    "model_name": "gpt-4o-mini",
    "concurrent_llm_worker": 1
  },
  "Q10": {
    "query_id": 10,
    "status": "failed",
    "execution_time": 0.0,
    "error": "No columns to parse from file",
    "row_count": 0,
    "model_name": "gpt-4o-mini",
    "concurrent_llm_worker": 1
  }
}