{
  "Q1": {
    "query_id": 1,
    "status": "success",
    "execution_time": 1.6897485256195068,
    "token_usage": 636,
    "money_cost": 0.001665,
    "row_count": 5,
    "model_name": "gpt-4o",
    "concurrent_llm_worker": 8,
    "precision": 1.0,
    "recall": 1.0,
    "f1_score": 1.0
  },
  "Q2": {
    "query_id": 2,
    "status": "success",
    "execution_time": 11.464563846588135,
    "token_usage": 4895,
    "money_cost": 0.0128375,
    "row_count": 5,
    "model_name": "gpt-4o",
    "concurrent_llm_worker": 8,
    "precision": 1.0,
    "recall": 1.0,
    "f1_score": 1.0
  },
  "Q3": {
    "query_id": 3,
    "status": "success",
    "execution_time": 31.92333149909973,
    "token_usage": 7388,
    "money_cost": 0.0193625,
    "row_count": 1,
    "model_name": "gpt-4o",
    "concurrent_llm_worker": 8,
    "relative_error": 0.42857142857142855,
    "absolute_error": 6.0,
    "mean_absolute_percentage_error": 42.857142857142854
  },
  "Q4": {
    "query_id": 4,
    "status": "success",
    "execution_time": 21.937211513519287,
    "token_usage": 7388,
    "money_cost": 0.0193625,
    "row_count": 1,
    "model_name": "gpt-4o",
    "concurrent_llm_worker": 8,
    "relative_error": 0.5714285969734192,
    "absolute_error": 0.06666666716337204,
    "mean_absolute_percentage_error": 57.14285969734192
  },
  "Q5": {
    "query_id": 5,
    "status": "success",
    "execution_time": 6.909229516983032,
    "token_usage": 4327,
    "money_cost": 0.0118375,
    "row_count": 20,
    "model_name": "gpt-4o",
    "concurrent_llm_worker": 8,
    "precision": 0.5,
    "recall": 1.0,
    "f1_score": 0.6666666666666666
  },
  "Q6": {
    "query_id": 6,
    "status": "success",
    "execution_time": 4.339915752410889,
    "token_usage": 2153,
    "money_cost": 0.0058175,
    "row_count": 14,
    "model_name": "gpt-4o",
    "concurrent_llm_worker": 8,
    "precision": 0.6923076923076923,
    "recall": 0.9,
    "f1_score": 0.7826086956521738
  },
  "Q7": {
    "query_id": 7,
    "status": "success",
    "execution_time": 545.2255084514618,
    "token_usage": 246975,
    "money_cost": 0.6749175000000001,
    "row_count": 1665,
    "model_name": "gpt-4o",
    "concurrent_llm_worker": 8,
    "precision": 0.7139973082099597,
    "recall": 0.25928641251221896,
    "f1_score": 0.3804230907135174
  },
  "Q8": {
    "query_id": 8,
    "status": "success",
    "execution_time": 29.514537572860718,
    "token_usage": 14776,
    "money_cost": 0.038725,
    "row_count": 2,
    "model_name": "gpt-4o",
    "concurrent_llm_worker": 8,
    "relative_error": 0.32345013477088946,
    "absolute_error": 16.0,
    "mean_absolute_percentage_error": 32.34501347708895
  },
  "Q9": {
    "query_id": 9,
    "status": "failed",
    "execution_time": 0.0,
    "error": "No columns to parse from file",
    "row_count": 0,
    "model_name": "gpt-4o",
    "concurrent_llm_worker": 8
  },
  "Q10": {
    "query_id": 10,
    "status": "failed",
    "execution_time": 0.0,
    "error": "No columns to parse from file",
    "row_count": 0,
    "model_name": "gpt-4o",
    "concurrent_llm_worker": 8
  }
}