{
  "Q1": {
    "query_id": 1,
    "status": "success",
    "execution_time": 1.5477194786071777,
    "token_usage": 636,
    "money_cost": 0.0008825,
    "row_count": 5,
    "model_name": "gpt-5",
    "concurrent_llm_worker": 1,
    "precision": 1.0,
    "recall": 1.0,
    "f1_score": 1.0
  },
  "Q2": {
    "query_id": 2,
    "status": "success",
    "execution_time": 14.250516891479492,
    "token_usage": 5476,
    "money_cost": 0.0076324999999999995,
    "row_count": 5,
    "model_name": "gpt-5",
    "concurrent_llm_worker": 1,
    "precision": 1.0,
    "recall": 1.0,
    "f1_score": 1.0
  },
  "Q3": {
    "query_id": 3,
    "status": "success",
    "execution_time": 20.187748193740845,
    "token_usage": 7388,
    "money_cost": 0.01027625,
    "row_count": 1,
    "model_name": "gpt-5",
    "concurrent_llm_worker": 1,
    "relative_error": 0.5714285714285714,
    "absolute_error": 8.0,
    "mean_absolute_percentage_error": 57.14285714285714
  },
  "Q4": {
    "query_id": 4,
    "status": "success",
    "execution_time": 19.173731803894043,
    "token_usage": 7388,
    "money_cost": 0.01027625,
    "row_count": 1,
    "model_name": "gpt-5",
    "concurrent_llm_worker": 1,
    "relative_error": 0.5714285732532034,
    "absolute_error": 0.06666666716337204,
    "mean_absolute_percentage_error": 57.14285732532034
  },
  "Q5": {
    "query_id": 5,
    "status": "success",
    "execution_time": 5.726604223251343,
    "token_usage": 3290,
    "money_cost": 0.005048749999999999,
    "row_count": 16,
    "model_name": "gpt-5",
    "concurrent_llm_worker": 1,
    "precision": 0.875,
    "recall": 1.0,
    "f1_score": 0.9333333333333333
  },
  "Q6": {
    "query_id": 6,
    "status": "success",
    "execution_time": 3.7548131942749023,
    "token_usage": 2157,
    "money_cost": 0.00323875,
    "row_count": 12,
    "model_name": "gpt-5",
    "concurrent_llm_worker": 1,
    "precision": 1.0,
    "recall": 0.9,
    "f1_score": 0.9473684210526316
  },
  "Q7": {
    "query_id": 7,
    "status": "success",
    "execution_time": 615.2362949848175,
    "token_usage": 243841,
    "money_cost": 0.3727625,
    "row_count": 1603,
    "model_name": "gpt-5",
    "concurrent_llm_worker": 1,
    "precision": 0.7166193181818182,
    "recall": 0.24657869012707723,
    "f1_score": 0.3669090909090909
  },
  "Q8": {
    "query_id": 8,
    "status": "success",
    "execution_time": 48.75662684440613,
    "token_usage": 14776,
    "money_cost": 0.0205525,
    "row_count": 2,
    "model_name": "gpt-5",
    "concurrent_llm_worker": 1,
    "relative_error": 0.32345013477088946,
    "absolute_error": 16.0,
    "mean_absolute_percentage_error": 32.34501347708895
  },
  "Q9": {
    "query_id": 9,
    "status": "failed",
    "execution_time": 0.0,
    "error": "No columns to parse from file",
    "row_count": 0,
    "model_name": "gpt-5",
    "concurrent_llm_worker": 1
  },
  "Q10": {
    "query_id": 10,
    "status": "failed",
    "execution_time": 0.0,
    "error": "No columns to parse from file",
    "row_count": 0,
    "model_name": "gpt-5",
    "concurrent_llm_worker": 1
  }
}