{
  "Q1": {
    "query_id": 1,
    "status": "success",
    "execution_time": 3.9630320072174072,
    "token_usage": 1245,
    "money_cost": 0.000418,
    "row_count": 11,
    "model_name": "gemini-2.5-flash",
    "concurrent_llm_worker": 20,
    "precision": 0.9090909090909091,
    "recall": 1.0,
    "f1_score": 0.9523809523809523
  },
  "Q2": {
    "query_id": 2,
    "status": "success",
    "execution_time": 1.9969782829284668,
    "token_usage": 4451,
    "money_cost": 0.001511,
    "row_count": 7,
    "model_name": "gemini-2.5-flash",
    "concurrent_llm_worker": 20,
    "precision": 0.8571428571428571,
    "recall": 1.0,
    "f1_score": 0.923076923076923
  },
  "Q3": {
    "query_id": 3,
    "status": "success",
    "execution_time": 2.993401527404785,
    "token_usage": 6716,
    "money_cost": 0.002277,
    "row_count": 1,
    "model_name": "gemini-2.5-flash",
    "concurrent_llm_worker": 20,
    "relative_error": 0.35714285714285715,
    "absolute_error": 5.0,
    "mean_absolute_percentage_error": 35.714285714285715
  },
  "Q4": {
    "query_id": 4,
    "status": "success",
    "execution_time": 3.440431594848633,
    "token_usage": 6716,
    "money_cost": 0.002277,
    "row_count": 1,
    "model_name": "gemini-2.5-flash",
    "concurrent_llm_worker": 20,
    "relative_error": 0.3571428656578064,
    "absolute_error": 0.04166666716337204,
    "mean_absolute_percentage_error": 35.71428656578064
  },
  "Q5": {
    "query_id": 5,
    "status": "success",
    "execution_time": 2.1059799194335938,
    "token_usage": 2423,
    "money_cost": 0.001053,
    "row_count": 15,
    "model_name": "gemini-2.5-flash",
    "concurrent_llm_worker": 20,
    "precision": 1.0,
    "recall": 1.0,
    "f1_score": 1.0
  },
  "Q6": {
    "query_id": 6,
    "status": "success",
    "execution_time": 1.677030324935913,
    "token_usage": 1366,
    "money_cost": 0.00087,
    "row_count": 35,
    "model_name": "gemini-2.5-flash",
    "concurrent_llm_worker": 20,
    "precision": 0.72,
    "recall": 1.0,
    "f1_score": 0.8372093023255813
  },
  "Q7": {
    "query_id": 7,
    "status": "success",
    "execution_time": 643.3905220031738,
    "token_usage": 348006,
    "money_cost": 0.151946,
    "row_count": 3148,
    "model_name": "gemini-2.5-flash",
    "concurrent_llm_worker": 20,
    "precision": 0.7407843137254903,
    "recall": 0.4616324535679374,
    "f1_score": 0.5688045769346582
  },
  "Q8": {
    "query_id": 8,
    "status": "success",
    "execution_time": 7.905623912811279,
    "token_usage": 13432,
    "money_cost": 0.004553,
    "row_count": 2,
    "model_name": "gemini-2.5-flash",
    "concurrent_llm_worker": 20,
    "relative_error": 0.20215633423180593,
    "absolute_error": 10.0,
    "mean_absolute_percentage_error": 20.21563342318059
  },
  "Q9": {
    "query_id": 9,
    "status": "failed",
    "execution_time": 0.0,
    "error": "No columns to parse from file",
    "row_count": 0,
    "model_name": "gemini-2.5-flash",
    "concurrent_llm_worker": 20
  },
  "Q10": {
    "query_id": 10,
    "status": "failed",
    "execution_time": 0.0,
    "error": "No columns to parse from file",
    "row_count": 0,
    "model_name": "gemini-2.5-flash",
    "concurrent_llm_worker": 20
  }
}