{
  "Q1": {
    "query_id": 1,
    "status": "success",
    "execution_time": 29.88351345062256,
    "token_usage": 105755,
    "money_cost": 0.03850599999999975,
    "row_count": 5,
    "model_name": "gemini-2.5-flash",
    "concurrent_llm_worker": 20,
    "precision": 1.0,
    "recall": 1.0,
    "f1_score": 1.0
  },
  "Q2": {
    "query_id": 2,
    "status": "success",
    "execution_time": 13.280612230300903,
    "token_usage": 5933,
    "money_cost": 0.0021929000000000007,
    "row_count": 5,
    "model_name": "gemini-2.5-flash",
    "concurrent_llm_worker": 20,
    "precision": 1.0,
    "recall": 1.0,
    "f1_score": 1.0
  },
  "Q3": {
    "query_id": 3,
    "status": "success",
    "execution_time": 13.107472896575928,
    "token_usage": 6034,
    "money_cost": 0.0022302000000000008,
    "row_count": 1,
    "model_name": "gemini-2.5-flash",
    "concurrent_llm_worker": 20,
    "relative_error": 0.5714285714285714,
    "absolute_error": 8.0,
    "mean_absolute_percentage_error": 57.14285714285714
  },
  "Q4": {
    "query_id": 4,
    "status": "success",
    "execution_time": 13.398578882217407,
    "token_usage": 6034,
    "money_cost": 0.0022302000000000008,
    "row_count": 1,
    "model_name": "gemini-2.5-flash",
    "concurrent_llm_worker": 20,
    "relative_error": 0.5714285969734192,
    "absolute_error": 0.06666666716337204,
    "mean_absolute_percentage_error": 57.14285969734192
  },
  "Q5": {
    "query_id": 5,
    "status": "success",
    "execution_time": 63.54213309288025,
    "token_usage": 2621807,
    "money_cost": 0.8564910000000009,
    "row_count": 10,
    "model_name": "gemini-2.5-flash",
    "concurrent_llm_worker": 20,
    "precision": 0.9,
    "recall": 0.9,
    "f1_score": 0.9
  },
  "Q6": {
    "query_id": 6,
    "status": "success",
    "execution_time": 65.19731760025024,
    "token_usage": 2601210,
    "money_cost": 0.850276200000006,
    "row_count": 10,
    "model_name": "gemini-2.5-flash",
    "concurrent_llm_worker": 20,
    "precision": 1.0,
    "recall": 1.0,
    "f1_score": 1.0
  },
  "Q7": {
    "query_id": 7,
    "status": "success",
    "execution_time": 266.7471704483032,
    "token_usage": 8475632,
    "money_cost": 2.7703856000001297,
    "row_count": 30900,
    "model_name": "gemini-2.5-flash",
    "concurrent_llm_worker": 20,
    "precision": 0.7311353610401672,
    "recall": 0.7695503421309873,
    "f1_score": 0.7498511727586616
  },
  "Q8": {
    "query_id": 8,
    "status": "success",
    "execution_time": 13.207333326339722,
    "token_usage": 6034,
    "money_cost": 0.0022302000000000008,
    "row_count": 2,
    "model_name": "gemini-2.5-flash",
    "concurrent_llm_worker": 20,
    "relative_error": 0.32345013477088946,
    "absolute_error": 16.0,
    "mean_absolute_percentage_error": 32.34501347708895
  },
  "Q9": {
    "query_id": 9,
    "status": "success",
    "execution_time": 25.946194887161255,
    "token_usage": 49218,
    "money_cost": 0.0156768,
    "row_count": 256,
    "model_name": "gemini-2.5-flash",
    "concurrent_llm_worker": 20,
    "spearman_correlation": 0.7633322397759168,
    "kendall_tau": 0.6529782796513605
  },
  "Q10": {
    "query_id": 10,
    "status": "success",
    "execution_time": 42.90356707572937,
    "token_usage": 357380,
    "money_cost": 0.11431549999999985,
    "row_count": 105,
    "model_name": "gemini-2.5-flash",
    "concurrent_llm_worker": 20,
    "spearman_correlation": 0.4529279158806595,
    "kendall_tau": 0.32449409257230627
  }
}