{
  "Q1": {
    "query_id": 1,
    "status": "success",
    "execution_time": 4.059126615524292,
    "token_usage": 3444.0,
    "money_cost": 0.0007182,
    "row_count": 5,
    "model_name": "gpt-4o-mini",
    "concurrent_llm_worker": 20,
    "precision": 1.0,
    "recall": 1.0,
    "f1_score": 1.0
  },
  "Q2": {
    "query_id": 2,
    "status": "success",
    "execution_time": 45.24138879776001,
    "token_usage": 17860.0,
    "money_cost": 0.0036001500000000007,
    "row_count": 5,
    "model_name": "gpt-4o-mini",
    "concurrent_llm_worker": 20,
    "precision": 0.8,
    "recall": 0.8,
    "f1_score": 0.8000000000000002
  },
  "Q3": {
    "query_id": 3,
    "status": "success",
    "execution_time": 174.8642966747284,
    "token_usage": 45010.0,
    "money_cost": 0.009170699999999997,
    "row_count": 1,
    "model_name": "gpt-4o-mini",
    "concurrent_llm_worker": 20,
    "relative_error": 0.21428571428571427,
    "absolute_error": 3.0,
    "mean_absolute_percentage_error": 21.428571428571427
  },
  "Q4": {
    "query_id": 4,
    "status": "success",
    "execution_time": 193.12823009490967,
    "token_usage": 83407.0,
    "money_cost": 0.015738899999999997,
    "row_count": 1,
    "model_name": "gpt-4o-mini",
    "concurrent_llm_worker": 20,
    "relative_error": 0.07142857538194103,
    "absolute_error": 0.008333333830038744,
    "mean_absolute_percentage_error": 7.142857538194103
  },
  "Q5": {
    "query_id": 5,
    "status": "success",
    "execution_time": 10.002131462097168,
    "token_usage": 32970.0,
    "money_cost": 0.005363550000000001,
    "row_count": 10,
    "model_name": "gpt-4o-mini",
    "concurrent_llm_worker": 20,
    "precision": 1.0,
    "recall": 0.9,
    "f1_score": 0.9473684210526316
  },
  "Q6": {
    "query_id": 6,
    "status": "success",
    "execution_time": 5.551433324813843,
    "token_usage": 16427.0,
    "money_cost": 0.0026607,
    "row_count": 10,
    "model_name": "gpt-4o-mini",
    "concurrent_llm_worker": 20,
    "precision": 1.0,
    "recall": 1.0,
    "f1_score": 1.0
  },
  "Q8": {
    "query_id": 8,
    "status": "success",
    "execution_time": 186.9503469467163,
    "token_usage": 114437.0,
    "money_cost": 0.019984350000000005,
    "row_count": 3,
    "model_name": "gpt-4o-mini",
    "concurrent_llm_worker": 20,
    "relative_error": 0.5532345013477089,
    "absolute_error": 91.0,
    "mean_absolute_percentage_error": 55.323450134770894
  },
  "Q9": {
    "query_id": 9,
    "status": "success",
    "execution_time": 87.890793800354,
    "token_usage": 212268.0,
    "money_cost": 0.03983219999999998,
    "row_count": 256,
    "model_name": "gpt-4o-mini",
    "concurrent_llm_worker": 20,
    "spearman_correlation": 0.7128330389166907,
    "kendall_tau": 0.6258476353141782
  },
  "Q10": {
    "query_id": 10,
    "status": "failed",
    "execution_time": 0.0,
    "error": "No columns to parse from file",
    "row_count": 0,
    "model_name": "gpt-4o-mini",
    "concurrent_llm_worker": 20
  }
}