{
  "Q1": {
    "query_id": "1",
    "status": "success",
    "execution_time": 5.564313173294067,
    "token_usage": 6680.0,
    "money_cost": 0.0027146,
    "row_count": 1,
    "model_name": "gemini-2.5-flash",
    "concurrent_llm_worker": 20,
    "precision": 1.0,
    "recall": 1.0,
    "f1_score": 1.0
  },
  "Q2a": {
    "query_id": "2a",
    "status": "success",
    "execution_time": 138.86657571792603,
    "token_usage": 3392814.0,
    "money_cost": 1.0350042000000115,
    "row_count": 5,
    "model_name": "gemini-2.5-flash",
    "concurrent_llm_worker": 20,
    "precision": 1.0,
    "recall": 1.0,
    "f1_score": 1.0
  },
  "Q2b": {
    "query_id": "2b",
    "status": "success",
    "execution_time": 139.1133816242218,
    "token_usage": 3399659.0,
    "money_cost": 1.0372556999999984,
    "row_count": 5,
    "model_name": "gemini-2.5-flash",
    "concurrent_llm_worker": 20,
    "precision": 1.0,
    "recall": 1.0,
    "f1_score": 1.0
  },
  "Q3a": {
    "query_id": "3a",
    "status": "success",
    "execution_time": 5.607857704162598,
    "token_usage": 66765.0,
    "money_cost": 0.0213495,
    "row_count": 17,
    "model_name": "gemini-2.5-flash",
    "concurrent_llm_worker": 20,
    "precision": 0.7058823529411765,
    "recall": 0.9230769230769231,
    "f1_score": 0.8000000000000002
  },
  "Q3f": {
    "query_id": "3f",
    "status": "success",
    "execution_time": 7.844957113265991,
    "token_usage": 74565.0,
    "money_cost": 0.023689499999999985,
    "row_count": 3,
    "model_name": "gemini-2.5-flash",
    "concurrent_llm_worker": 20,
    "precision": 1.0,
    "recall": 1.0,
    "f1_score": 1.0
  },
  "Q4": {
    "query_id": "4",
    "status": "success",
    "execution_time": 2.0169458389282227,
    "token_usage": 12386.0,
    "money_cost": 0.004776200000000001,
    "row_count": 24,
    "model_name": "gemini-2.5-flash",
    "concurrent_llm_worker": 20,
    "precision": 0.5238095238095238,
    "recall": 0.5641025641025641,
    "f1_score": 0.5432098765432098
  },
  "Q5": {
    "query_id": "5",
    "status": "success",
    "execution_time": 0.5492231845855713,
    "token_usage": 3993.0,
    "money_cost": 0.0012441,
    "row_count": 1,
    "model_name": "gemini-2.5-flash",
    "concurrent_llm_worker": 20,
    "precision": 1.0,
    "recall": 1.0,
    "f1_score": 1.0
  },
  "Q6a": {
    "query_id": "6a",
    "status": "success",
    "execution_time": 4.528831481933594,
    "token_usage": 47837.0,
    "money_cost": 0.015671100000000014,
    "row_count": 1,
    "model_name": "gemini-2.5-flash",
    "concurrent_llm_worker": 20,
    "precision": 1.0,
    "recall": 1.0,
    "f1_score": 1.0
  },
  "Q6b": {
    "query_id": "6b",
    "status": "success",
    "execution_time": 5.146121501922607,
    "token_usage": 47837.0,
    "money_cost": 0.01567110000000001,
    "row_count": 1,
    "model_name": "gemini-2.5-flash",
    "concurrent_llm_worker": 20,
    "precision": 1.0,
    "recall": 1.0,
    "f1_score": 1.0
  },
  "Q6c": {
    "query_id": "6c",
    "status": "success",
    "execution_time": 6.528083562850952,
    "token_usage": 47837.0,
    "money_cost": 0.015671100000000014,
    "row_count": 5,
    "model_name": "gemini-2.5-flash",
    "concurrent_llm_worker": 20,
    "precision": 1.0,
    "recall": 1.0,
    "f1_score": 1.0
  },
  "Q7": {
    "query_id": "7",
    "status": "success",
    "execution_time": 2116.359530210495,
    "token_usage": 51283800.0,
    "money_cost": 15.649139999998406,
    "row_count": 39,
    "model_name": "gemini-2.5-flash",
    "concurrent_llm_worker": 20,
    "precision": 0.1724137931034483,
    "recall": 1.0,
    "f1_score": 0.29411764705882354
  }
}