{
  "Q3": {
    "query_id": 3,
    "status": "success",
    "execution_time": 15.87375783920288,
    "money_cost": 0.11971960000000002,
    "row_count": 493,
    "model_name": "gemini-2.5-flash",
    "concurrent_llm_worker": 20,
    "accuracy": 0.9804568439535277,
    "metric_type": "adjusted-rand-index"
  },
  "Q2": {
    "query_id": 2,
    "status": "success",
    "execution_time": 57.523452281951904,
    "money_cost": 0.3771254999999961,
    "row_count": 7,
    "model_name": "gemini-2.5-flash",
    "concurrent_llm_worker": 20,
    "accuracy": 0.8333333333333333,
    "metric_type": "f1-score",
    "precision": 0.7142857142857143,
    "recall": 1.0,
    "f1_score": 0.8333333333333333
  },
  "Q9": {
    "query_id": 9,
    "status": "success",
    "execution_time": 58.87687397003174,
    "money_cost": 0.09649529999999962,
    "row_count": 33,
    "model_name": "gemini-2.5-flash",
    "concurrent_llm_worker": 20,
    "accuracy": 0.4888888888888888,
    "metric_type": "f1-score",
    "precision": 0.3333333333333333,
    "recall": 0.9166666666666666,
    "f1_score": 0.4888888888888888
  },
  "Q11": {
    "query_id": 11,
    "status": "success",
    "execution_time": 236.00428581237793,
    "money_cost": 0.6070668000000002,
    "row_count": 62,
    "model_name": "gemini-2.5-flash",
    "concurrent_llm_worker": 20,
    "accuracy": 0.7346938775510204,
    "metric_type": "f1-score",
    "precision": 0.5806451612903226,
    "recall": 1.0,
    "f1_score": 0.7346938775510204
  },
  "Q5": {
    "query_id": 5,
    "status": "success",
    "execution_time": 6.638463020324707,
    "money_cost": 0.0673167,
    "row_count": 219,
    "model_name": "gemini-2.5-flash",
    "concurrent_llm_worker": 20,
    "accuracy": 0.9808985983174584,
    "metric_type": "adjusted-rand-index"
  },
  "Q4": {
    "query_id": 4,
    "status": "success",
    "execution_time": 1561.2915337085724,
    "money_cost": 0.23860119999999954,
    "row_count": 285,
    "model_name": "gemini-2.5-flash",
    "concurrent_llm_worker": 20,
    "accuracy": 0.5243806017917421,
    "metric_type": "adjusted-rand-index"
  },
  "Q10": {
    "query_id": 10,
    "status": "success",
    "execution_time": 1830.0302040576935,
    "money_cost": 1.018181099999999,
    "row_count": 71,
    "model_name": "gemini-2.5-flash",
    "concurrent_llm_worker": 20,
    "accuracy": 0.05479452054794521,
    "metric_type": "f1-score",
    "precision": 0.028169014084507043,
    "recall": 1.0,
    "f1_score": 0.05479452054794521
  },
  "Q8": {
    "query_id": 8,
    "status": "success",
    "execution_time": 2.998645067214966,
    "money_cost": 0.009766799999999999,
    "row_count": 3,
    "model_name": "gemini-2.5-flash",
    "concurrent_llm_worker": 20,
    "accuracy": 1.0,
    "metric_type": "f1-score",
    "precision": 1.0,
    "recall": 1.0,
    "f1_score": 1.0
  },
  "Q7": {
    "query_id": 7,
    "status": "success",
    "execution_time": 154.81553101539612,
    "money_cost": 1.7889611999999997,
    "row_count": 158,
    "model_name": "gemini-2.5-flash",
    "concurrent_llm_worker": 20,
    "accuracy": 0.9271523178807947,
    "metric_type": "f1-score",
    "precision": 0.8860759493670886,
    "recall": 0.9722222222222222,
    "f1_score": 0.9271523178807947
  },
  "Q13": {
    "query_id": 13,
    "status": "success",
    "execution_time": 46.710386991500854,
    "money_cost": 0.44309100000000007,
    "row_count": 11,
    "model_name": "gemini-2.5-flash",
    "concurrent_llm_worker": 20,
    "accuracy": 0.7826086956521738,
    "metric_type": "f1-score",
    "precision": 0.8181818181818182,
    "recall": 0.75,
    "f1_score": 0.7826086956521738
  },
  "Q12": {
    "query_id": 12,
    "status": "success",
    "execution_time": 17.16337299346924,
    "money_cost": 0.13632689999999992,
    "row_count": 51,
    "model_name": "gemini-2.5-flash",
    "concurrent_llm_worker": 20,
    "accuracy": 0.0,
    "metric_type": "f1-score",
    "precision": 0.0,
    "recall": 0.0,
    "f1_score": 0.0
  },
  "Q6": {
    "query_id": 6,
    "status": "success",
    "execution_time": 42.49346423149109,
    "money_cost": 0.42999090000000034,
    "row_count": 493,
    "model_name": "gemini-2.5-flash",
    "concurrent_llm_worker": 20,
    "accuracy": 0.8926159220479035,
    "metric_type": "adjusted-rand-index"
  },
  "Q1": {
    "query_id": 1,
    "status": "success",
    "execution_time": 11.092404127120972,
    "money_cost": 0.08105129999999992,
    "row_count": 7,
    "model_name": "gemini-2.5-flash",
    "concurrent_llm_worker": 20,
    "accuracy": 1.0,
    "metric_type": "f1-score",
    "precision": 1.0,
    "recall": 1.0,
    "f1_score": 1.0
  }
}