{
  "Q1": {
    "query_id": 1,
    "status": "success",
    "execution_time": 20.143491983413696,
    "money_cost": 0.10449239999999983,
    "row_count": 224,
    "model_name": "gemini-2.5-flash",
    "concurrent_llm_worker": 20,
    "precision": 0.19196428571428573,
    "recall": 0.86,
    "f1_score": 0.31386861313868614
  },
  "Q2": {
    "query_id": 2,
    "status": "success",
    "execution_time": 8.832076072692871,
    "money_cost": 0.12399449999999992,
    "row_count": 2,
    "model_name": "gemini-2.5-flash",
    "concurrent_llm_worker": 20,
    "precision": 0.5,
    "recall": 0.045454545454545456,
    "f1_score": 0.08333333333333334
  },
  "Q3": {
    "query_id": 3,
    "status": "success",
    "execution_time": 2.855215549468994,
    "money_cost": 0.0035153999999999997,
    "row_count": 5,
    "model_name": "gemini-2.5-flash",
    "concurrent_llm_worker": 20,
    "precision": 0.6,
    "recall": 0.6,
    "f1_score": 0.6
  },
  "Q4": {
    "query_id": 4,
    "status": "success",
    "execution_time": 19.096306324005127,
    "money_cost": 0.10485239999999989,
    "row_count": 1,
    "model_name": "gemini-2.5-flash",
    "concurrent_llm_worker": 20,
    "relative_error": 0.03876173779389513,
    "absolute_error": 2.483076923076922,
    "mean_absolute_percentage_error": 3.8761737793895126
  },
  "Q5": {
    "query_id": 5,
    "status": "success",
    "execution_time": 2.2533490657806396,
    "money_cost": 0.0041694,
    "row_count": 1,
    "model_name": "gemini-2.5-flash",
    "concurrent_llm_worker": 20,
    "relative_error": 0.0,
    "absolute_error": 0.0,
    "mean_absolute_percentage_error": 0.0
  },
  "Q6": {
    "query_id": 6,
    "status": "success",
    "execution_time": 11.566104173660278,
    "money_cost": 0.06619930000000009,
    "row_count": 98,
    "model_name": "gemini-2.5-flash",
    "concurrent_llm_worker": 20,
    "precision": 0.9387755102040817,
    "recall": 0.32167832167832167,
    "f1_score": 0.47916666666666663
  },
  "Q7": {
    "query_id": 7,
    "status": "success",
    "execution_time": 606.3441379070282,
    "money_cost": 4.2381328000001,
    "row_count": 6741,
    "model_name": "gemini-2.5-flash",
    "concurrent_llm_worker": 20,
    "precision": 0.918854769322059,
    "recall": 0.8156439294179616,
    "f1_score": 0.8641785838855948
  },
  "Q8": {
    "query_id": 8,
    "status": "success",
    "execution_time": 19.759786367416382,
    "money_cost": 0.0844901999999999,
    "row_count": 100,
    "model_name": "gemini-2.5-flash",
    "concurrent_llm_worker": 20,
    "precision": 0.64,
    "recall": 0.64,
    "f1_score": 0.64
  },
  "Q9": {
    "query_id": 9,
    "status": "success",
    "execution_time": 55.6571831703186,
    "money_cost": 0.4326224999999971,
    "row_count": 334,
    "model_name": "gemini-2.5-flash",
    "concurrent_llm_worker": 20,
    "precision": 0.4550898203592814,
    "recall": 0.32409381663113007,
    "f1_score": 0.37858032378580325
  },
  "Q10": {
    "query_id": 10,
    "status": "success",
    "execution_time": 25.263014316558838,
    "money_cost": 0.25537990000000005,
    "row_count": 1200,
    "model_name": "gemini-2.5-flash",
    "concurrent_llm_worker": 20,
    "precision": 0.5643628330038172,
    "recall": 0.5429629629629629,
    "f1_score": 0.5144469840958082
  }
}