{
  "Q1": {
    "query_id": 1,
    "status": "success",
    "execution_time": 2.3322291374206543,
    "token_usage": 1342,
    "money_cost": 0.00021,
    "row_count": 10,
    "model_name": "gpt-4o-mini",
    "concurrent_llm_worker": 20,
    "precision": 1.0,
    "recall": 1.0,
    "f1_score": 1.0
  },
  "Q2": {
    "query_id": 2,
    "status": "success",
    "execution_time": 7.334437370300293,
    "token_usage": 3680,
    "money_cost": 0.000579,
    "row_count": 6,
    "model_name": "gpt-4o-mini",
    "concurrent_llm_worker": 20,
    "precision": 0.8333333333333334,
    "recall": 1.0,
    "f1_score": 0.9090909090909091
  },
  "Q3": {
    "query_id": 3,
    "status": "success",
    "execution_time": 14.821768045425415,
    "token_usage": 7388,
    "money_cost": 0.001162,
    "row_count": 1,
    "model_name": "gpt-4o-mini",
    "concurrent_llm_worker": 20,
    "relative_error": 0.21428571428571427,
    "absolute_error": 3.0,
    "mean_absolute_percentage_error": 21.428571428571427
  },
  "Q4": {
    "query_id": 4,
    "status": "success",
    "execution_time": 15.099056482315063,
    "token_usage": 7388,
    "money_cost": 0.001162,
    "row_count": 1,
    "model_name": "gpt-4o-mini",
    "concurrent_llm_worker": 20,
    "relative_error": 0.1428571492433548,
    "absolute_error": 0.016666667163372034,
    "mean_absolute_percentage_error": 14.28571492433548
  },
  "Q5": {
    "query_id": 5,
    "status": "success",
    "execution_time": 5.954543113708496,
    "token_usage": 4287,
    "money_cost": 0.000686,
    "row_count": 13,
    "model_name": "gpt-4o-mini",
    "concurrent_llm_worker": 20,
    "precision": 0.46153846153846156,
    "recall": 0.6,
    "f1_score": 0.5217391304347826
  },
  "Q6": {
    "query_id": 6,
    "status": "success",
    "execution_time": 4.796172857284546,
    "token_usage": 3267,
    "money_cost": 0.000529,
    "row_count": 11,
    "model_name": "gpt-4o-mini",
    "concurrent_llm_worker": 20,
    "precision": 0.45454545454545453,
    "recall": 0.5,
    "f1_score": 0.47619047619047616
  },
  "Q7": {
    "query_id": 7,
    "status": "success",
    "execution_time": 601.0129354000092,
    "token_usage": 296877,
    "money_cost": 0.048754,
    "row_count": 1304,
    "model_name": "gpt-4o-mini",
    "concurrent_llm_worker": 20,
    "precision": 0.5585585585585585,
    "recall": 0.16666666666666666,
    "f1_score": 0.25672877846790887
  },
  "Q8": {
    "query_id": 8,
    "status": "success",
    "execution_time": 13.247916221618652,
    "token_usage": 14776,
    "money_cost": 0.002323,
    "row_count": 2,
    "model_name": "gpt-4o-mini",
    "concurrent_llm_worker": 20,
    "relative_error": 0.08086253369272237,
    "absolute_error": 4.0,
    "mean_absolute_percentage_error": 8.086253369272237
  },
  "Q9": {
    "query_id": 9,
    "status": "failed",
    "execution_time": 0.0,
    "error": "No columns to parse from file",
    "row_count": 0,
    "model_name": "gpt-4o-mini",
    "concurrent_llm_worker": 20
  },
  "Q10": {
    "query_id": 10,
    "status": "failed",
    "execution_time": 0.0,
    "error": "No columns to parse from file",
    "row_count": 0,
    "model_name": "gpt-4o-mini",
    "concurrent_llm_worker": 20
  }
}