{
  "Q1": {
    "query_id": 1,
    "status": "success",
    "execution_time": 3.9966087341308594,
    "token_usage": 1502,
    "money_cost": 0.000726,
    "row_count": 11,
    "model_name": "gpt-5-mini",
    "concurrent_llm_worker": 20,
    "precision": 1.0,
    "recall": 1.0,
    "f1_score": 1.0
  },
  "Q2": {
    "query_id": 2,
    "status": "success",
    "execution_time": 10.982712507247925,
    "token_usage": 4160,
    "money_cost": 0.00209,
    "row_count": 6,
    "model_name": "gpt-5-mini",
    "concurrent_llm_worker": 20,
    "precision": 0.8333333333333334,
    "recall": 1.0,
    "f1_score": 0.9090909090909091
  },
  "Q3": {
    "query_id": 3,
    "status": "success",
    "execution_time": 26.726662635803223,
    "token_usage": 8340,
    "money_cost": 0.004168,
    "row_count": 1,
    "model_name": "gpt-5-mini",
    "concurrent_llm_worker": 20,
    "relative_error": 0.07142857142857142,
    "absolute_error": 1.0,
    "mean_absolute_percentage_error": 7.142857142857142
  },
  "Q4": {
    "query_id": 4,
    "status": "success",
    "execution_time": 24.771372318267822,
    "token_usage": 8340,
    "money_cost": 0.004168,
    "row_count": 1,
    "model_name": "gpt-5-mini",
    "concurrent_llm_worker": 20,
    "relative_error": 2.4313955293564504e-08,
    "absolute_error": 2.8366279603009303e-09,
    "mean_absolute_percentage_error": 2.4313955293564504e-06
  },
  "Q5": {
    "query_id": 5,
    "status": "success",
    "execution_time": 15.129629373550415,
    "token_usage": 3366,
    "money_cost": 0.001167,
    "row_count": 29,
    "model_name": "gpt-5-mini",
    "concurrent_llm_worker": 20,
    "precision": 0.9310344827586207,
    "recall": 1.0,
    "f1_score": 0.9642857142857143
  },
  "Q6": {
    "query_id": 6,
    "status": "success",
    "execution_time": 6.440731525421143,
    "token_usage": 3255,
    "money_cost": 0.00095,
    "row_count": 12,
    "model_name": "gpt-5-mini",
    "concurrent_llm_worker": 20,
    "precision": 1.0,
    "recall": 1.0,
    "f1_score": 1.0
  },
  "Q7": {
    "query_id": 7,
    "status": "success",
    "execution_time": 601.7865097522736,
    "token_usage": 210473,
    "money_cost": 0.065612,
    "row_count": 1124,
    "model_name": "gpt-5-mini",
    "concurrent_llm_worker": 20,
    "precision": 0.609360076408787,
    "recall": 0.15591397849462366,
    "f1_score": 0.2482973341116949
  },
  "Q8": {
    "query_id": 8,
    "status": "success",
    "execution_time": 29.160584926605225,
    "token_usage": 16680,
    "money_cost": 0.008335,
    "row_count": 2,
    "model_name": "gpt-5-mini",
    "concurrent_llm_worker": 20,
    "relative_error": 0.08086253369272237,
    "absolute_error": 4.0,
    "mean_absolute_percentage_error": 8.086253369272237
  },
  "Q9": {
    "query_id": 9,
    "status": "failed",
    "execution_time": 0.0,
    "error": "No columns to parse from file",
    "row_count": 0,
    "model_name": "gpt-5-mini",
    "concurrent_llm_worker": 20
  },
  "Q10": {
    "query_id": 10,
    "status": "failed",
    "execution_time": 0.0,
    "error": "No columns to parse from file",
    "row_count": 0,
    "model_name": "gpt-5-mini",
    "concurrent_llm_worker": 20
  }
}