{
  "Q1": {
    "query_id": "1",
    "status": "success",
    "execution_time": 18.757458686828613,
    "token_usage": 182594,
    "money_cost": 0.0626982,
    "row_count": 54,
    "model_name": "gemini-2.5-flash",
    "concurrent_llm_worker": 20,
    "precision": 0.3888888888888889,
    "recall": 0.42,
    "f1_score": 0.40384615384615385
  },
  "Q3": {
    "query_id": "3",
    "status": "success",
    "execution_time": 258.08201456069946,
    "token_usage": 2404758,
    "money_cost": 0.7327134,
    "row_count": 5,
    "model_name": "gemini-2.5-flash",
    "concurrent_llm_worker": 20,
    "precision": 0.6,
    "recall": 0.6,
    "f1_score": 0.6
  },
  "Q4": {
    "query_id": "4",
    "status": "success",
    "execution_time": 18.806337356567383,
    "token_usage": 183794,
    "money_cost": 0.0630582,
    "row_count": 1,
    "model_name": "gemini-2.5-flash",
    "concurrent_llm_worker": 20,
    "relative_error": 0.00830216569924865,
    "absolute_error": 0.5318367346938686,
    "mean_absolute_percentage_error": 0.830216569924865
  },
  "Q8": {
    "query_id": "8",
    "status": "success",
    "execution_time": 119.60861897468567,
    "token_usage": 331692,
    "money_cost": 0.105078,
    "row_count": 100,
    "model_name": "gemini-2.5-flash",
    "concurrent_llm_worker": 20,
    "precision": 0.73,
    "recall": 0.73,
    "f1_score": 0.7299999999999999
  },
  "Q9": {
    "query_id": "9",
    "status": "success",
    "execution_time": 171.91594815254211,
    "token_usage": 1022704,
    "money_cost": 0.3171006,
    "row_count": 588,
    "model_name": "gemini-2.5-flash",
    "concurrent_llm_worker": 20,
    "precision": 0.5136054421768708,
    "recall": 0.6439232409381663,
    "f1_score": 0.5714285714285714
  },
  "Q10": {
    "query_id": "10",
    "status": "success",
    "execution_time": 21.492963075637817,
    "token_usage": 386761,
    "money_cost": 0.1586357,
    "row_count": 1200,
    "model_name": "gemini-2.5-flash",
    "concurrent_llm_worker": 20,
    "precision": 0.5827674785078866,
    "recall": 0.5585185185185185,
    "f1_score": 0.5444410167702821
  }
}