{
  "Q1": {
    "query_id": 1,
    "status": "success",
    "execution_time": 27.122812271118164,
    "token_usage": 103005,
    "money_cost": 0.022549050000000025,
    "row_count": 5,
    "model_name": "gemini-2.0-flash-001",
    "concurrent_llm_worker": 20,
    "precision": 1.0,
    "recall": 1.0,
    "f1_score": 1.0
  },
  "Q2": {
    "query_id": 2,
    "status": "success",
    "execution_time": 6.934921503067017,
    "token_usage": 4229,
    "money_cost": 0.0009461999999999998,
    "row_count": 5,
    "model_name": "gemini-2.0-flash-001",
    "concurrent_llm_worker": 20,
    "precision": 0.8,
    "recall": 0.8,
    "f1_score": 0.8000000000000002
  },
  "Q3": {
    "query_id": 3,
    "status": "success",
    "execution_time": 10.974263668060303,
    "token_usage": 6514,
    "money_cost": 0.0014631,
    "row_count": 1,
    "model_name": "gemini-2.0-flash-001",
    "concurrent_llm_worker": 20,
    "relative_error": 0.14285714285714285,
    "absolute_error": 2.0,
    "mean_absolute_percentage_error": 14.285714285714285
  },
  "Q4": {
    "query_id": 4,
    "status": "success",
    "execution_time": 10.69411563873291,
    "token_usage": 6514,
    "money_cost": 0.0014631000000000002,
    "row_count": 1,
    "model_name": "gemini-2.0-flash-001",
    "concurrent_llm_worker": 20,
    "relative_error": 0.1428571492433548,
    "absolute_error": 0.016666667163372034,
    "mean_absolute_percentage_error": 14.28571492433548
  },
  "Q5": {
    "query_id": 5,
    "status": "success",
    "execution_time": 54.841814041137695,
    "token_usage": 2696597,
    "money_cost": 0.4842029999999985,
    "row_count": 10,
    "model_name": "gemini-2.0-flash-001",
    "concurrent_llm_worker": 20,
    "precision": 1.0,
    "recall": 0.9,
    "f1_score": 0.9473684210526316
  },
  "Q6": {
    "query_id": 6,
    "status": "success",
    "execution_time": 54.82757329940796,
    "token_usage": 2680023,
    "money_cost": 0.4827136499999932,
    "row_count": 10,
    "model_name": "gemini-2.0-flash-001",
    "concurrent_llm_worker": 20,
    "precision": 0.4444444444444444,
    "recall": 0.4,
    "f1_score": 0.4210526315789474
  },
  "Q7": {
    "query_id": 7,
    "status": "success",
    "execution_time": 165.942551612854,
    "token_usage": 8734443,
    "money_cost": 1.5730073999999195,
    "row_count": 64410,
    "model_name": "gemini-2.0-flash-001",
    "concurrent_llm_worker": 20,
    "precision": 0.5034448818897638,
    "recall": 1.0,
    "f1_score": 0.669721767594108
  },
  "Q8": {
    "query_id": 8,
    "status": "success",
    "execution_time": 12.908830404281616,
    "token_usage": 6514,
    "money_cost": 0.0014630999999999997,
    "row_count": 2,
    "model_name": "gemini-2.0-flash-001",
    "concurrent_llm_worker": 20,
    "relative_error": 0.08086253369272237,
    "absolute_error": 4.0,
    "mean_absolute_percentage_error": 8.086253369272237
  },
  "Q9": {
    "query_id": 9,
    "status": "success",
    "execution_time": 13.731070756912231,
    "token_usage": 50328,
    "money_cost": 0.008634600000000003,
    "row_count": 256,
    "model_name": "gemini-2.0-flash-001",
    "concurrent_llm_worker": 20,
    "spearman_correlation": 0.7580848752921351,
    "kendall_tau": 0.6644645428036083
  },
  "Q10": {
    "query_id": 10,
    "status": "success",
    "execution_time": 29.224368572235107,
    "token_usage": 366341,
    "money_cost": 0.06354884999999993,
    "row_count": 105,
    "model_name": "gemini-2.0-flash-001",
    "concurrent_llm_worker": 20,
    "spearman_correlation": 0.39481824076541144,
    "kendall_tau": 0.2840643768267564
  }
}