{
  "Q1": {
    "query_id": "1",
    "status": "success",
    "execution_time": 3.855642318725586,
    "token_usage": 6680.0,
    "money_cost": 0.0027146000000000006,
    "row_count": 1,
    "model_name": "gemini-2.5-flash",
    "concurrent_llm_worker": 20,
    "precision": 0.0,
    "recall": 0.0,
    "f1_score": 0.0
  },
  "Q2a": {
    "query_id": "2a",
    "status": "success",
    "execution_time": 167.48473286628723,
    "token_usage": 3392814.0,
    "money_cost": 1.0350042000000055,
    "row_count": 8,
    "model_name": "gemini-2.5-flash",
    "concurrent_llm_worker": 20,
    "precision": 0.625,
    "recall": 1.0,
    "f1_score": 0.7692307692307693
  },
  "Q2b": {
    "query_id": "2b",
    "status": "success",
    "execution_time": 268.6138389110565,
    "token_usage": 3399355.0,
    "money_cost": 1.0372767000000056,
    "row_count": 8,
    "model_name": "gemini-2.5-flash",
    "concurrent_llm_worker": 20,
    "precision": 0.625,
    "recall": 1.0,
    "f1_score": 0.7692307692307693
  },
  "Q3a": {
    "query_id": "3a",
    "status": "success",
    "execution_time": 11.164900541305542,
    "token_usage": 66765.0,
    "money_cost": 0.021349499999999997,
    "row_count": 16,
    "model_name": "gemini-2.5-flash",
    "concurrent_llm_worker": 20,
    "precision": 0.75,
    "recall": 0.9230769230769231,
    "f1_score": 0.8275862068965517
  },
  "Q3f": {
    "query_id": "3f",
    "status": "success",
    "execution_time": 3.6753413677215576,
    "token_usage": 66765.0,
    "money_cost": 0.021349499999999997,
    "row_count": 3,
    "model_name": "gemini-2.5-flash",
    "concurrent_llm_worker": 20,
    "precision": 1.0,
    "recall": 1.0,
    "f1_score": 1.0
  },
  "Q4": {
    "query_id": "4",
    "status": "success",
    "execution_time": 0.6375730037689209,
    "token_usage": 12376.0,
    "money_cost": 0.0047512,
    "row_count": 20,
    "model_name": "gemini-2.5-flash",
    "concurrent_llm_worker": 20,
    "precision": 0.5897435897435898,
    "recall": 0.5897435897435898,
    "f1_score": 0.5897435897435898
  },
  "Q5": {
    "query_id": "5",
    "status": "failed",
    "execution_time": 0.0,
    "error": "No columns to parse from file",
    "row_count": 0,
    "model_name": "gemini-2.5-flash",
    "concurrent_llm_worker": 20
  },
  "Q6a": {
    "query_id": "6a",
    "status": "success",
    "execution_time": 2.757439136505127,
    "token_usage": 47837.0,
    "money_cost": 0.015671100000000018,
    "row_count": 1,
    "model_name": "gemini-2.5-flash",
    "concurrent_llm_worker": 20,
    "precision": 1.0,
    "recall": 1.0,
    "f1_score": 1.0
  },
  "Q6b": {
    "query_id": "6b",
    "status": "success",
    "execution_time": 2.6418871879577637,
    "token_usage": 47837.0,
    "money_cost": 0.01567110000000002,
    "row_count": 1,
    "model_name": "gemini-2.5-flash",
    "concurrent_llm_worker": 20,
    "precision": 1.0,
    "recall": 1.0,
    "f1_score": 1.0
  },
  "Q6c": {
    "query_id": "6c",
    "status": "success",
    "execution_time": 2.6405603885650635,
    "token_usage": 47837.0,
    "money_cost": 0.01567110000000001,
    "row_count": 5,
    "model_name": "gemini-2.5-flash",
    "concurrent_llm_worker": 20,
    "precision": 1.0,
    "recall": 1.0,
    "f1_score": 1.0
  },
  "Q7": {
    "query_id": "7",
    "status": "success",
    "execution_time": 2562.912926673889,
    "token_usage": 51271376.0,
    "money_cost": 15.645353399998351,
    "row_count": 87,
    "model_name": "gemini-2.5-flash",
    "concurrent_llm_worker": 20,
    "precision": 0.07575757575757576,
    "recall": 1.0,
    "f1_score": 0.14084507042253522
  }
}