{
  "Q3a": {
    "query_id": "3a",
    "status": "success",
    "execution_time": 36.511162519454956,
    "token_usage": 26266,
    "money_cost": 0.00832,
    "row_count": 19,
    "model_name": "gemini-2.5-flash",
    "concurrent_llm_worker": 20,
    "precision": 0.631578947368421,
    "recall": 0.9230769230769231,
    "f1_score": 0.7499999999999999
  }
}