{
  "Q1": {
    "query_id": 1,
    "status": "success",
    "execution_time": 36.257697105407715,
    "token_usage": 495175,
    "money_cost": 1.0105103000000002,
    "row_count": 209,
    "model_name": "gemini-2.5-flash",
    "concurrent_llm_worker": 20,
    "precision": 0.19138755980861244,
    "recall": 0.8,
    "f1_score": 0.30888030888030893
  },
  "Q2": {
    "query_id": 2,
    "status": "success",
    "execution_time": 18.542853593826294,
    "token_usage": 202815,
    "money_cost": 0.2548599,
    "row_count": 1,
    "model_name": "gemini-2.5-flash",
    "concurrent_llm_worker": 20,
    "precision": 0.0,
    "recall": 0.0,
    "f1_score": 0.0
  },
  "Q3": {
    "query_id": 3,
    "status": "success",
    "execution_time": 43.39833855628967,
    "token_usage": 10204918,
    "money_cost": 6.0099506,
    "row_count": 5,
    "model_name": "gemini-2.5-flash",
    "concurrent_llm_worker": 20,
    "precision": 1.0,
    "recall": 1.0,
    "f1_score": 1.0
  },
  "Q4": {
    "query_id": 4,
    "status": "success",
    "execution_time": 28.445502758026123,
    "token_usage": 349518,
    "money_cost": 0.6463678,
    "row_count": 1,
    "model_name": "gemini-2.5-flash",
    "concurrent_llm_worker": 20,
    "relative_error": 0.015605705472015488,
    "absolute_error": 0.9997014925373122,
    "mean_absolute_percentage_error": 1.5605705472015488
  },
  "Q5": {
    "query_id": 5,
    "status": "success",
    "execution_time": 66.81566834449768,
    "token_usage": 11077546,
    "money_cost": 6.690403,
    "row_count": 1,
    "model_name": "gemini-2.5-flash",
    "concurrent_llm_worker": 20,
    "relative_error": 1.0,
    "absolute_error": 1.0,
    "mean_absolute_percentage_error": 100.0
  },
  "Q6": {
    "query_id": 6,
    "status": "success",
    "execution_time": 25.271588802337646,
    "token_usage": 776120,
    "money_cost": 0.7997782,
    "row_count": 106,
    "model_name": "gemini-2.5-flash",
    "concurrent_llm_worker": 20,
    "precision": 0.9716981132075472,
    "recall": 0.36013986013986016,
    "f1_score": 0.5255102040816327
  },
  "Q7": {
    "query_id": 7,
    "status": "success",
    "execution_time": 73.31047129631042,
    "token_usage": 14668016,
    "money_cost": 13.990387000000002,
    "row_count": 8655,
    "model_name": "gemini-2.5-flash",
    "concurrent_llm_worker": 20,
    "precision": 0.8194107452339688,
    "recall": 0.9338951804055834,
    "f1_score": 0.8729152563234661
  },
  "Q8": {
    "query_id": 8,
    "status": "success",
    "execution_time": 39.03014397621155,
    "token_usage": 2052716,
    "money_cost": 2.8061128,
    "row_count": 100,
    "model_name": "gemini-2.5-flash",
    "concurrent_llm_worker": 20,
    "precision": 0.55,
    "recall": 0.55,
    "f1_score": 0.55
  },
  "Q9": {
    "query_id": 9,
    "status": "success",
    "execution_time": 32.45723342895508,
    "token_usage": 1390551,
    "money_cost": 1.4973829,
    "row_count": 1060,
    "model_name": "gemini-2.5-flash",
    "concurrent_llm_worker": 20,
    "precision": 0.39339622641509436,
    "recall": 0.8891257995735607,
    "f1_score": 0.5454545454545454
  },
  "Q10": {
    "query_id": 10,
    "status": "success",
    "execution_time": 46.770809173583984,
    "token_usage": 1730853,
    "money_cost": 3.7461873000000003,
    "row_count": 1200,
    "model_name": "gemini-2.5-flash",
    "concurrent_llm_worker": 20,
    "precision": 0.6138385338694068,
    "recall": 0.6184,
    "f1_score": 0.5931673136534534
  }  
}