{
  "Q1": {
    "query_id": 1,
    "status": "success",
    "execution_time": 19.06369400024414,
    "money_cost": 0.10449239999999985,
    "row_count": 224,
    "model_name": "gemini-2.5-flash",
    "concurrent_llm_worker": 20,
    "precision": 0.19196428571428573,
    "recall": 0.86,
    "f1_score": 0.31386861313868614
  },
  "Q2": {
    "query_id": 2,
    "status": "success",
    "execution_time": 9.043151378631592,
    "money_cost": 0.12399449999999995,
    "row_count": 2,
    "model_name": "gemini-2.5-flash",
    "concurrent_llm_worker": 20,
    "precision": 0.5,
    "recall": 0.045454545454545456,
    "f1_score": 0.08333333333333334
  },
  "Q3": {
    "query_id": 3,
    "status": "success",
    "execution_time": 3.250906229019165,
    "money_cost": 0.0040176,
    "row_count": 5,
    "model_name": "gemini-2.5-flash",
    "concurrent_llm_worker": 20,
    "precision": 0.6,
    "recall": 0.6,
    "f1_score": 0.6
  },
  "Q4": {
    "query_id": 4,
    "status": "success",
    "execution_time": 19.242249965667725,
    "money_cost": 0.10485239999999978,
    "row_count": 1,
    "model_name": "gemini-2.5-flash",
    "concurrent_llm_worker": 20,
    "relative_error": 0.03876173779389513,
    "absolute_error": 2.483076923076922,
    "mean_absolute_percentage_error": 3.8761737793895126
  },
  "Q5": {
    "query_id": 5,
    "status": "success",
    "execution_time": 2.7835025787353516,
    "money_cost": 0.0041694,
    "row_count": 1,
    "model_name": "gemini-2.5-flash",
    "concurrent_llm_worker": 20,
    "relative_error": 0.0,
    "absolute_error": 0.0,
    "mean_absolute_percentage_error": 0.0
  },
  "Q6": {
    "query_id": 6,
    "status": "success",
    "execution_time": 9.295524597167969,
    "money_cost": 0.06900150000000008,
    "row_count": 100,
    "model_name": "gemini-2.5-flash",
    "concurrent_llm_worker": 20,
    "precision": 0.92,
    "recall": 0.32167832167832167,
    "f1_score": 0.4766839378238342
  },
  "Q7": {
    "query_id": 7,
    "status": "success",
    "execution_time": 668.9985332489014,
    "money_cost": 4.238132800000097,
    "row_count": 6723,
    "model_name": "gemini-2.5-flash",
    "concurrent_llm_worker": 20,
    "precision": 0.9205711735832218,
    "recall": 0.8149855148801686,
    "f1_score": 0.8645665991478663
  },
  "Q8": {
    "query_id": 8,
    "status": "success",
    "execution_time": 20.761514902114868,
    "money_cost": 0.08545469999999988,
    "row_count": 100,
    "model_name": "gemini-2.5-flash",
    "concurrent_llm_worker": 20,
    "precision": 0.63,
    "recall": 0.63,
    "f1_score": 0.63
  },
  "Q9": {
    "query_id": 9,
    "status": "success",
    "execution_time": 58.624863624572754,
    "money_cost": 0.4326224999999971,
    "row_count": 334,
    "model_name": "gemini-2.5-flash",
    "concurrent_llm_worker": 20,
    "precision": 0.4550898203592814,
    "recall": 0.32409381663113007,
    "f1_score": 0.37858032378580325
  },
  "Q10": {
    "query_id": 10,
    "status": "success",
    "execution_time": 25.20632266998291,
    "money_cost": 0.2553799,
    "row_count": 1200,
    "model_name": "gemini-2.5-flash",
    "concurrent_llm_worker": 20,
    "precision": 0.5643628330038172,
    "recall": 0.5429629629629629,
    "f1_score": 0.5144469840958082
  }
}