{
  "Q1": {
    "query_id": 1,
    "status": "success",
    "execution_time": 43.94341826438904,
    "token_usage": 941537,
    "money_cost": 8.51083,
    "row_count": 229,
    "model_name": "gemini-2.5-pro",
    "concurrent_llm_worker": 20,
    "precision": 0.16593886462882096,
    "recall": 0.76,
    "f1_score": 0.2724014336917563
  },
  "Q2": {
    "query_id": 2,
    "status": "success",
    "execution_time": 23.712802171707153,
    "token_usage": 346852,
    "money_cost": 2.0702000000000003,
    "row_count": 5,
    "model_name": "gemini-2.5-pro",
    "concurrent_llm_worker": 20,
    "precision": 0.2,
    "recall": 0.045454545454545456,
    "f1_score": 0.07407407407407407
  },
  "Q3": {
    "query_id": 3,
    "status": "success",
    "execution_time": 53.43972373008728,
    "token_usage": 12719333,
    "money_cost": 49.437627500000005,
    "row_count": 5,
    "model_name": "gemini-2.5-pro",
    "concurrent_llm_worker": 20,
    "precision": 1.0,
    "recall": 1.0,
    "f1_score": 1.0
  },
  "Q4": {
    "query_id": 4,
    "status": "success",
    "execution_time": 44.21276307106018,
    "token_usage": 797529,
    "money_cost": 7.07075,
    "row_count": 1,
    "model_name": "gemini-2.5-pro",
    "concurrent_llm_worker": 20,
    "relative_error": 0.05304658525144746,
    "absolute_error": 3.3981642512077244,
    "mean_absolute_percentage_error": 5.304658525144746
  },
  "Q5": {
    "query_id": 5,
    "status": "success",
    "execution_time": 89.10677433013916,
    "token_usage": 15138763,
    "money_cost": 59.905102500000005,
    "row_count": 1,
    "model_name": "gemini-2.5-pro",
    "concurrent_llm_worker": 20,
    "relative_error": 0.0,
    "absolute_error": 0.0,
    "mean_absolute_percentage_error": 0.0
  },
  "Q6": {
    "query_id": 6,
    "status": "success",
    "execution_time": 32.232810497283936,
    "token_usage": 1326302,
    "money_cost": 8.72685375,
    "row_count": 122,
    "model_name": "gemini-2.5-pro",
    "concurrent_llm_worker": 20,
    "precision": 0.9754098360655737,
    "recall": 0.4160839160839161,
    "f1_score": 0.5833333333333333
  },
  "Q7": {
    "query_id": 7,
    "status": "success",
    "execution_time": 89.0607521533966,
    "token_usage": 18623397,
    "money_cost": 95.63546375000001,
    "row_count": 8643,
    "model_name": "gemini-2.5-pro",
    "concurrent_llm_worker": 20,
    "precision": 0.8387134096957075,
    "recall": 0.9545693968922834,
    "f1_score": 0.8928989345322412
  },
  "Q8": {
    "query_id": 8,
    "status": "success",
    "execution_time": 45.60692501068115,
    "token_usage": 3102809,
    "money_cost": 21.7838725,
    "row_count": 100,
    "model_name": "gemini-2.5-pro",
    "concurrent_llm_worker": 20,
    "precision": 0.53,
    "recall": 0.53,
    "f1_score": 0.53
  },
  "Q9": {
    "query_id": 9,
    "status": "success",
    "execution_time": 67.72055697441101,
    "token_usage": 2159042,
    "money_cost": 13.71941875,
    "row_count": 1125,
    "model_name": "gemini-2.5-pro",
    "concurrent_llm_worker": 20,
    "precision": 0.384,
    "recall": 0.9211087420042644,
    "f1_score": 0.5420326223337515
  },
  "Q10": {
    "query_id": 10,
    "status": "success",
    "execution_time": 94.95841002464294,
    "token_usage": 1941257,
    "money_cost": 17.1019925,
    "row_count": 1200,
    "model_name": "gemini-2.5-pro",
    "concurrent_llm_worker": 20,
    "precision": 0.6324317496467731,
    "recall": 0.6464,
    "f1_score": 0.622532595329906
  }
}