{
  "Q1": {
    "query_id": "1",
    "status": "success",
    "execution_time": 189.388254404068,
    "token_usage": 1029056,
    "money_cost": 8.7243625,
    "row_count": 327,
    "model_name": "gemini-2.5-pro",
    "concurrent_llm_worker": 20,
    "precision": 0.1437308868501529,
    "recall": 0.94,
    "f1_score": 0.2493368700265252
  },
  "Q3": {
    "query_id": "3",
    "status": "success",
    "execution_time": 407.57778668403625,
    "token_usage": 3739384,
    "money_cost": 16.397095,
    "row_count": 5,
    "model_name": "gemini-2.5-pro",
    "concurrent_llm_worker": 20,
    "precision": 0.6,
    "recall": 0.6,
    "f1_score": 0.6
  },
  "Q4": {
    "query_id": "4",
    "status": "success",
    "execution_time": 158.35073947906494,
    "token_usage": 875391,
    "money_cost": 7.1772124999999996,
    "row_count": 1,
    "model_name": "gemini-2.5-pro",
    "concurrent_llm_worker": 20,
    "relative_error": 0.02666074498819335,
    "absolute_error": 1.707887323943666,
    "mean_absolute_percentage_error": 2.6660744988193352
  },
  "Q8": {
    "query_id": "8",
    "status": "success",
    "execution_time": 192.39755368232727,
    "token_usage": 1066784,
    "money_cost": 7.78769,
    "row_count": 100,
    "model_name": "gemini-2.5-pro",
    "concurrent_llm_worker": 20,
    "precision": 0.57,
    "recall": 0.57,
    "f1_score": 0.57
  },
  "Q9": {
    "query_id": "9",
    "status": "success",
    "execution_time": 402.25347328186035,
    "token_usage": 2339225,
    "money_cost": 14.484513750000001,
    "row_count": 1010,
    "model_name": "gemini-2.5-pro",
    "concurrent_llm_worker": 20,
    "precision": 0.41287128712871285,
    "recall": 0.8891257995735607,
    "f1_score": 0.563894523326572
  },
  "Q10": {
    "query_id": "10",
    "status": "success",
    "execution_time": 213.60141944885254,
    "token_usage": 1409985,
    "money_cost": 10.8851525,
    "row_count": 1200,
    "model_name": "gemini-2.5-pro",
    "concurrent_llm_worker": 20,
    "precision": 0.5546469465370569,
    "recall": 0.5524137931034483,
    "f1_score": 0.5390610815803139
  }
}