{
  "Q3": {
    "query_id": 3,
    "status": "success",
    "execution_time": 16.911226987838745,
    "money_cost": 0.11972209999999994,
    "row_count": 493,
    "model_name": "gemini-2.5-flash",
    "concurrent_llm_worker": 20,
    "accuracy": 0.9774610098630232,
    "metric_type": "adjusted-rand-index"
  },
  "Q2": {
    "query_id": 2,
    "status": "success",
    "execution_time": 81.71872901916504,
    "money_cost": 0.37712549999999645,
    "row_count": 7,
    "model_name": "gemini-2.5-flash",
    "concurrent_llm_worker": 20,
    "accuracy": 0.8333333333333333,
    "metric_type": "f1-score",
    "precision": 0.7142857142857143,
    "recall": 1.0,
    "f1_score": 0.8333333333333333
  },
  "Q9": {
    "query_id": 9,
    "status": "success",
    "execution_time": 59.61896562576294,
    "money_cost": 0.09649529999999962,
    "row_count": 33,
    "model_name": "gemini-2.5-flash",
    "concurrent_llm_worker": 20,
    "accuracy": 0.4888888888888888,
    "metric_type": "f1-score",
    "precision": 0.3333333333333333,
    "recall": 0.9166666666666666,
    "f1_score": 0.4888888888888888
  },
  "Q11": {
    "query_id": 11,
    "status": "success",
    "execution_time": 164.6736581325531,
    "money_cost": 0.6053652000000002,
    "row_count": 62,
    "model_name": "gemini-2.5-flash",
    "concurrent_llm_worker": 20,
    "accuracy": 0.7346938775510204,
    "metric_type": "f1-score",
    "precision": 0.5806451612903226,
    "recall": 1.0,
    "f1_score": 0.7346938775510204
  },
  "Q5": {
    "query_id": 5,
    "status": "success",
    "execution_time": 6.59844970703125,
    "money_cost": 0.06731670000000002,
    "row_count": 219,
    "model_name": "gemini-2.5-flash",
    "concurrent_llm_worker": 20,
    "accuracy": 0.9808985983174584,
    "metric_type": "adjusted-rand-index"
  },
  "Q4": {
    "query_id": 4,
    "status": "success",
    "execution_time": 31.094935178756714,
    "money_cost": 0.23913279999999965,
    "row_count": 285,
    "model_name": "gemini-2.5-flash",
    "concurrent_llm_worker": 20,
    "accuracy": 0.5271029721207902,
    "metric_type": "adjusted-rand-index"
  },
  "Q10": {
    "query_id": 10,
    "status": "success",
    "execution_time": 2875.9520740509033,
    "money_cost": 1.0193876999999993,
    "row_count": 70,
    "model_name": "gemini-2.5-flash",
    "concurrent_llm_worker": 20,
    "accuracy": 0.05555555555555556,
    "metric_type": "f1-score",
    "precision": 0.02857142857142857,
    "recall": 1.0,
    "f1_score": 0.05555555555555556
  },
  "Q8": {
    "query_id": 8,
    "status": "success",
    "execution_time": 6.383243083953857,
    "money_cost": 0.009766799999999999,
    "row_count": 3,
    "model_name": "gemini-2.5-flash",
    "concurrent_llm_worker": 20,
    "accuracy": 1.0,
    "metric_type": "f1-score",
    "precision": 1.0,
    "recall": 1.0,
    "f1_score": 1.0
  },
  "Q7": {
    "query_id": 7,
    "status": "success",
    "execution_time": 190.66258311271667,
    "money_cost": 1.7889611999999984,
    "row_count": 159,
    "model_name": "gemini-2.5-flash",
    "concurrent_llm_worker": 20,
    "accuracy": 0.9240924092409241,
    "metric_type": "f1-score",
    "precision": 0.8805031446540881,
    "recall": 0.9722222222222222,
    "f1_score": 0.9240924092409241
  },
  "Q13": {
    "query_id": 13,
    "status": "success",
    "execution_time": 1000.3908479213715,
    "money_cost": 0.43936619999999993,
    "row_count": 10,
    "model_name": "gemini-2.5-flash",
    "concurrent_llm_worker": 20,
    "accuracy": 0.7272727272727272,
    "metric_type": "f1-score",
    "precision": 0.8,
    "recall": 0.6666666666666666,
    "f1_score": 0.7272727272727272
  },
  "Q12": {
    "query_id": 12,
    "status": "success",
    "execution_time": 95.39055299758911,
    "money_cost": 0.13632689999999997,
    "row_count": 51,
    "model_name": "gemini-2.5-flash",
    "concurrent_llm_worker": 20,
    "accuracy": 0.0,
    "metric_type": "f1-score",
    "precision": 0.0,
    "recall": 0.0,
    "f1_score": 0.0
  },
  "Q6": {
    "query_id": 6,
    "status": "success",
    "execution_time": 557.6667852401733,
    "money_cost": 0.4299909000000009,
    "row_count": 493,
    "model_name": "gemini-2.5-flash",
    "concurrent_llm_worker": 20,
    "accuracy": 0.8926159220479035,
    "metric_type": "adjusted-rand-index"
  },
  "Q1": {
    "query_id": 1,
    "status": "success",
    "execution_time": 15.394773244857788,
    "money_cost": 0.0810513,
    "row_count": 7,
    "model_name": "gemini-2.5-flash",
    "concurrent_llm_worker": 20,
    "accuracy": 1.0,
    "metric_type": "f1-score",
    "precision": 1.0,
    "recall": 1.0,
    "f1_score": 1.0
  }
}