{
  "Q1": {
    "query_id": 1,
    "status": "success",
    "execution_time": 60.48245048522949,
    "token_usage": 255372,
    "money_cost": 0.0410058,
    "row_count": 5,
    "model_name": "gpt-4o-mini",
    "concurrent_llm_worker": 20,
    "precision": 1.0,
    "recall": 1.0,
    "f1_score": 1.0
  },
  "Q2": {
    "query_id": 2,
    "status": "success",
    "execution_time": 3.841770648956299,
    "token_usage": 14834,
    "money_cost": 0.0023870999999999983,
    "row_count": 5,
    "model_name": "gpt-4o-mini",
    "concurrent_llm_worker": 20,
    "precision": 1.0,
    "recall": 1.0,
    "f1_score": 1.0
  },
  "Q3": {
    "query_id": 3,
    "status": "success",
    "execution_time": 4.357226610183716,
    "token_usage": 14474,
    "money_cost": 0.0023331000000000003,
    "row_count": 1,
    "model_name": "gpt-4o-mini",
    "concurrent_llm_worker": 20,
    "relative_error": 0.35714285714285715,
    "absolute_error": 5.0,
    "mean_absolute_percentage_error": 35.714285714285715
  },
  "Q4": {
    "query_id": 4,
    "status": "success",
    "execution_time": 4.377966642379761,
    "token_usage": 14594,
    "money_cost": 0.0023510999999999988,
    "row_count": 1,
    "model_name": "gpt-4o-mini",
    "concurrent_llm_worker": 20,
    "relative_error": 0.4285714310042718,
    "absolute_error": 0.05000000049670544,
    "mean_absolute_percentage_error": 42.85714310042718
  },
  "Q5": {
    "query_id": 5,
    "status": "success",
    "execution_time": 666.2294993400574,
    "token_usage": 4201249,
    "money_cost": 0.6586845000000031,
    "row_count": 10,
    "model_name": "gpt-4o-mini",
    "concurrent_llm_worker": 20,
    "precision": 0.5,
    "recall": 0.1,
    "f1_score": 0.16666666666666669
  },
  "Q6": {
    "query_id": 6,
    "status": "success",
    "execution_time": 565.352127790451,
    "token_usage": 3063567,
    "money_cost": 0.4811724000000063,
    "row_count": 10,
    "model_name": "gpt-4o-mini",
    "concurrent_llm_worker": 20,
    "precision": 0.3333333333333333,
    "recall": 0.1,
    "f1_score": 0.15384615384615383
  },
  "Q7": {
    "query_id": 7,
    "status": "success",
    "execution_time": 579.2682573795319,
    "token_usage": 3063955,
    "money_cost": 0.4812508500000047,
    "row_count": 22112,
    "model_name": "gpt-4o-mini",
    "concurrent_llm_worker": 20,
    "precision": 0.4316304680330376,
    "recall": 0.3448191593352884,
    "f1_score": 0.38337182448036955
  },
  "Q8": {
    "query_id": 8,
    "status": "success",
    "execution_time": 4.376516342163086,
    "token_usage": 13874,
    "money_cost": 0.0021890999999999994,
    "row_count": 2,
    "model_name": "gpt-4o-mini",
    "concurrent_llm_worker": 20,
    "relative_error": 0.08086253369272237,
    "absolute_error": 4.0,
    "mean_absolute_percentage_error": 8.086253369272237
  },
  "Q9": {
    "query_id": 9,
    "status": "success",
    "execution_time": 7.83073091506958,
    "token_usage": 56382,
    "money_cost": 0.00857250000000001,
    "row_count": 256,
    "model_name": "gpt-4o-mini",
    "concurrent_llm_worker": 20,
    "spearman_correlation": 0.7731715712647731,
    "kendall_tau": 0.6824231973533595
  },
  "Q10": {
    "query_id": 10,
    "status": "success",
    "execution_time": 52.79057860374451,
    "token_usage": 417372,
    "money_cost": 0.06350580000000004,
    "row_count": 105,
    "model_name": "gpt-4o-mini",
    "concurrent_llm_worker": 20,
    "spearman_correlation": 0.3629202105137464,
    "kendall_tau": 0.2521842680986059
  }
}