{
  "Q1": {
    "query_id": 1,
    "status": "success",
    "execution_time": 34.96067476272583,
    "token_usage": 495175,
    "money_cost": 1.0105103000000002,
    "row_count": 209,
    "model_name": "gemini-2.5-flash",
    "concurrent_llm_worker": 20,
    "precision": 0.19138755980861244,
    "recall": 0.8,
    "f1_score": 0.30888030888030893
  },
  "Q2": {
    "query_id": 2,
    "status": "success",
    "execution_time": 125.07300233840942,
    "token_usage": 202815,
    "money_cost": 0.2548599,
    "row_count": 1,
    "model_name": "gemini-2.5-flash",
    "concurrent_llm_worker": 20,
    "precision": 0.0,
    "recall": 0.0,
    "f1_score": 0.0
  },
  "Q3": {
    "query_id": 3,
    "status": "success",
    "execution_time": 93.78545951843262,
    "token_usage": 10259084,
    "money_cost": 6.064938,
    "row_count": 5,
    "model_name": "gemini-2.5-flash",
    "concurrent_llm_worker": 20,
    "precision": 1.0,
    "recall": 1.0,
    "f1_score": 1.0
  },
  "Q4": {
    "query_id": 4,
    "status": "success",
    "execution_time": 28.430137634277344,
    "token_usage": 349518,
    "money_cost": 0.6463678,
    "row_count": 1,
    "model_name": "gemini-2.5-flash",
    "concurrent_llm_worker": 20,
    "relative_error": 0.015605705472015488,
    "absolute_error": 0.9997014925373122,
    "mean_absolute_percentage_error": 1.5605705472015488
  },
  "Q5": {
    "query_id": 5,
    "status": "success",
    "execution_time": 77.22713613510132,
    "token_usage": 2139597,
    "money_cost": 1.4191893000000002,
    "row_count": 1,
    "model_name": "gemini-2.5-flash",
    "concurrent_llm_worker": 20,
    "relative_error": 1.0,
    "absolute_error": 1.0,
    "mean_absolute_percentage_error": 100.0
  },
  "Q6": {
    "query_id": 6,
    "status": "success",
    "execution_time": 25.13138484954834,
    "token_usage": 0,
    "money_cost": 0.0,
    "row_count": 104,
    "model_name": "gemini-2.5-flash",
    "concurrent_llm_worker": 20,
    "precision": 0.9711538461538461,
    "recall": 0.3531468531468531,
    "f1_score": 0.517948717948718
  },
  "Q7": {
    "query_id": 7,
    "status": "success",
    "execution_time": 70.60457563400269,
    "token_usage": 0,
    "money_cost": 0.0,
    "row_count": 8649,
    "model_name": "gemini-2.5-flash",
    "concurrent_llm_worker": 20,
    "precision": 0.8212510116776506,
    "recall": 0.9353436923887279,
    "f1_score": 0.874592131995321
  },
  "Q8": {
    "query_id": 8,
    "status": "success",
    "execution_time": 53.56910967826843,
    "token_usage": 2064210,
    "money_cost": 2.8412234000000005,
    "row_count": 100,
    "model_name": "gemini-2.5-flash",
    "concurrent_llm_worker": 20,
    "precision": 0.58,
    "recall": 0.58,
    "f1_score": 0.58
  },
  "Q9": {
    "query_id": 9,
    "status": "success",
    "execution_time": 112.39100623130798,
    "token_usage": 1390560,
    "money_cost": 1.4974054,
    "row_count": 1060,
    "model_name": "gemini-2.5-flash",
    "concurrent_llm_worker": 20,
    "precision": 0.39339622641509436,
    "recall": 0.8891257995735607,
    "f1_score": 0.5454545454545454
  },
  "Q10": {
    "query_id": 10,
    "status": "success",
    "execution_time": 45.24865913391113,
    "token_usage": 1750514,
    "money_cost": 3.7953398000000003,
    "row_count": 1200,
    "model_name": "gemini-2.5-flash",
    "concurrent_llm_worker": 20,
    "precision": 0.6091419389548719,
    "recall": 0.6168,
    "f1_score": 0.5924082053050956
  }
}