{
  "Q1": {
    "query_id": "1",
    "status": "success",
    "execution_time": 30.449881076812744,
    "token_usage": 105191,
    "money_cost": 0.037006700000000003,
    "row_count": 4,
    "model_name": "gemini-2.5-flash",
    "concurrent_llm_worker": 20,
    "accuracy": 0.5454545454545454,
    "metric_type": "f1-score",
    "precision": 0.75,
    "recall": 0.42857142857142855,
    "f1_score": 0.5454545454545454
  },
  "Q12": {
    "query_id": "12",
    "status": "success",
    "execution_time": 47.036165952682495,
    "token_usage": 276050,
    "money_cost": 0.1047512,
    "row_count": 51,
    "model_name": "gemini-2.5-flash",
    "concurrent_llm_worker": 20,
    "accuracy": 0.9696969696969697,
    "metric_type": "f1-score",
    "precision": 0.9411764705882353,
    "recall": 1.0,
    "f1_score": 0.9696969696969697
  },
  "Q13": {
    "query_id": "13",
    "status": "success",
    "execution_time": 27.346015214920044,
    "token_usage": 1248401,
    "money_cost": 0.3799873,
    "row_count": 11,
    "model_name": "gemini-2.5-flash",
    "concurrent_llm_worker": 20,
    "accuracy": 0.6956521739130435,
    "metric_type": "f1-score",
    "precision": 0.7272727272727273,
    "recall": 0.6666666666666666,
    "f1_score": 0.6956521739130435
  },
  "Q14": {
    "query_id": "14",
    "status": "success",
    "execution_time": 115.95855379104614,
    "token_usage": 15005459,
    "money_cost": 4.5756963,
    "row_count": 2,
    "model_name": "gemini-2.5-flash",
    "concurrent_llm_worker": 20,
    "accuracy": 0.5,
    "metric_type": "f1-score",
    "precision": 0.5,
    "recall": 0.5,
    "f1_score": 0.5
  },
  "Q2": {
    "query_id": "2",
    "status": "success",
    "execution_time": 100.61153101921082,
    "token_usage": 12997486,
    "money_cost": 3.9631426,
    "row_count": 34,
    "model_name": "gemini-2.5-flash",
    "concurrent_llm_worker": 20,
    "accuracy": 0.20512820512820512,
    "metric_type": "f1-score",
    "precision": 0.11764705882352941,
    "recall": 0.8,
    "f1_score": 0.20512820512820512
  },
  "Q3": {
    "query_id": "3",
    "status": "success",
    "execution_time": 20.10985493659973,
    "token_usage": 140628,
    "money_cost": 0.118007,
    "row_count": 493,
    "model_name": "gemini-2.5-flash",
    "concurrent_llm_worker": 20,
    "accuracy": 0.9711118075298754,
    "metric_type": "adjusted-rand-index"
  },
  "Q4": {
    "query_id": "4",
    "status": "success",
    "execution_time": 34.38788199424744,
    "token_usage": 737529,
    "money_cost": 0.3793023,
    "row_count": 285,
    "model_name": "gemini-2.5-flash",
    "concurrent_llm_worker": 20,
    "accuracy": 0.7203942245714521,
    "metric_type": "adjusted-rand-index"
  },
  "Q5": {
    "query_id": "5",
    "status": "success",
    "execution_time": 25.295214891433716,
    "token_usage": 154084,
    "money_cost": 0.163637,
    "row_count": 219,
    "model_name": "gemini-2.5-flash",
    "concurrent_llm_worker": 20,
    "accuracy": 0.9796038111683603,
    "metric_type": "adjusted-rand-index"
  },
  "Q6": {
    "query_id": "6",
    "status": "success",
    "execution_time": 30.484927892684937,
    "token_usage": 686394,
    "money_cost": 0.3429144,
    "row_count": 219,
    "model_name": "gemini-2.5-flash",
    "concurrent_llm_worker": 20,
    "accuracy": 0.8926159220479035,
    "metric_type": "adjusted-rand-index"
  },
  "Q7": {
    "query_id": "7",
    "status": "success",
    "execution_time": 43.61415338516235,
    "token_usage": 2626580,
    "money_cost": 0.8632844,
    "row_count": 200,
    "model_name": "gemini-2.5-flash",
    "concurrent_llm_worker": 20,
    "accuracy": 0.8313953488372092,
    "metric_type": "f1-score",
    "precision": 0.715,
    "recall": 0.9930555555555556,
    "f1_score": 0.8313953488372092
  },
  "Q8": {
    "query_id": "8",
    "status": "success",
    "execution_time": 120.72185802459717,
    "token_usage": 60127910,
    "money_cost": 18.2303714,
    "row_count": 18,
    "model_name": "gemini-2.5-flash",
    "concurrent_llm_worker": 20,
    "accuracy": 0.2857142857142857,
    "metric_type": "f1-score",
    "precision": 0.16666666666666666,
    "recall": 1.0,
    "f1_score": 0.2857142857142857
  },
  "Q9": {
    "query_id": "9",
    "status": "success",
    "execution_time": 42.97978091239929,
    "token_usage": 677242,
    "money_cost": 0.21530559999999999,
    "row_count": 32,
    "model_name": "gemini-2.5-flash",
    "concurrent_llm_worker": 20,
    "accuracy": 0.5789473684210527,
    "metric_type": "f1-score",
    "precision": 0.4230769230769231,
    "recall": 0.9166666666666666,
    "f1_score": 0.5789473684210527
  }
}