{
  "Q1": {
    "query_id": 1,
    "status": "success",
    "execution_time": 26.512135982513428,
    "token_usage": 95617,
    "money_cost": 0.0478581,
    "row_count": 5,
    "model_name": "gemini-2.5-flash",
    "concurrent_llm_worker": 20,
    "precision": 1.0,
    "recall": 1.0,
    "f1_score": 1.0
  },
  "Q2": {
    "query_id": 2,
    "status": "success",
    "execution_time": 9.991127252578735,
    "token_usage": 5817,
    "money_cost": 0.0030101,
    "row_count": 5,
    "model_name": "gemini-2.5-flash",
    "concurrent_llm_worker": 20,
    "precision": 1.0,
    "recall": 1.0,
    "f1_score": 1.0
  },
  "Q3": {
    "query_id": 3,
    "status": "success",
    "execution_time": 12.298475742340088,
    "token_usage": 6034,
    "money_cost": 0.0031301999999999996,
    "row_count": 1,
    "model_name": "gemini-2.5-flash",
    "concurrent_llm_worker": 20,
    "relative_error": 0.5714285714285714,
    "absolute_error": 8.0,
    "mean_absolute_percentage_error": 57.14285714285714
  },
  "Q4": {
    "query_id": 4,
    "status": "success",
    "execution_time": 11.365380764007568,
    "token_usage": 6034,
    "money_cost": 0.0031301999999999996,
    "row_count": 1,
    "model_name": "gemini-2.5-flash",
    "concurrent_llm_worker": 20,
    "relative_error": 0.5714285969734192,
    "absolute_error": 0.06666666716337204,
    "mean_absolute_percentage_error": 57.14285969734192
  },
  "Q5": {
    "query_id": 5,
    "status": "success",
    "execution_time": 54.56364631652832,
    "token_usage": 2622868,
    "money_cost": 1.0067173999999999,
    "row_count": 10,
    "model_name": "gemini-2.5-flash",
    "concurrent_llm_worker": 20,
    "precision": 0.7777777777777778,
    "recall": 0.7,
    "f1_score": 0.7368421052631577
  },
  "Q6": {
    "query_id": 6,
    "status": "success",
    "execution_time": 54.358556270599365,
    "token_usage": 2598463,
    "money_cost": 0.9990219,
    "row_count": 10,
    "model_name": "gemini-2.5-flash",
    "concurrent_llm_worker": 20,
    "precision": 0.7777777777777778,
    "recall": 0.7,
    "f1_score": 0.7368421052631577
  },
  "Q7": {
    "query_id": 7,
    "status": "success",
    "execution_time": 136.55997824668884,
    "token_usage": 8475391,
    "money_cost": 3.2578703,
    "row_count": 31944,
    "model_name": "gemini-2.5-flash",
    "concurrent_llm_worker": 20,
    "precision": 0.6090391328311593,
    "recall": 0.8101173020527859,
    "f1_score": 0.6953329837441007
  },
  "Q8": {
    "query_id": 8,
    "status": "success",
    "execution_time": 11.16636848449707,
    "token_usage": 6034,
    "money_cost": 0.0031301999999999996,
    "row_count": 2,
    "model_name": "gemini-2.5-flash",
    "concurrent_llm_worker": 20,
    "relative_error": 0.32345013477088946,
    "absolute_error": 16.0,
    "mean_absolute_percentage_error": 32.34501347708895
  },
  "Q9": {
    "query_id": 9,
    "status": "success",
    "execution_time": 13.138960361480713,
    "token_usage": 49274,
    "money_cost": 0.017769800000000002,
    "row_count": 256,
    "model_name": "gemini-2.5-flash",
    "concurrent_llm_worker": 20,
    "spearman_correlation": 0.776055863697131,
    "kendall_tau": 0.6876029215543787
  },
  "Q10": {
    "query_id": 10,
    "status": "success",
    "execution_time": 28.744051218032837,
    "token_usage": 358204,
    "money_cost": 0.13159300000000002,
    "row_count": 105,
    "model_name": "gemini-2.5-flash",
    "concurrent_llm_worker": 20,
    "spearman_correlation": 0.4376739488302493,
    "kendall_tau": 0.3090989913636905
  }
}