{
  "Q1": {
    "query_id": "1",
    "status": "success",
    "execution_time": 18.83177614212036,
    "token_usage": 105183,
    "money_cost": 0.0369867,
    "row_count": 3,
    "model_name": "gemini-2.5-flash",
    "concurrent_llm_worker": 20,
    "accuracy": 0.6,
    "metric_type": "f1-score",
    "precision": 1.0,
    "recall": 0.42857142857142855,
    "f1_score": 0.6
  },
  "Q12": {
    "query_id": "12",
    "status": "success",
    "execution_time": 25.86189293861389,
    "token_usage": 276243,
    "money_cost": 0.1044769,
    "row_count": 51,
    "model_name": "gemini-2.5-flash",
    "concurrent_llm_worker": 20,
    "accuracy": 0.9696969696969697,
    "metric_type": "f1-score",
    "precision": 0.9411764705882353,
    "recall": 1.0,
    "f1_score": 0.9696969696969697
  },
  "Q13": {
    "query_id": "13",
    "status": "success",
    "execution_time": 20.5023250579834,
    "token_usage": 1248401,
    "money_cost": 0.3799873,
    "row_count": 11,
    "model_name": "gemini-2.5-flash",
    "concurrent_llm_worker": 20,
    "accuracy": 0.6956521739130435,
    "metric_type": "f1-score",
    "precision": 0.7272727272727273,
    "recall": 0.6666666666666666,
    "f1_score": 0.6956521739130435
  },
  "Q14": {
    "query_id": "14",
    "status": "success",
    "execution_time": 62.00442099571228,
    "token_usage": 13703831,
    "money_cost": 4.1786673,
    "row_count": 2,
    "model_name": "gemini-2.5-flash",
    "concurrent_llm_worker": 20,
    "accuracy": 0.0,
    "metric_type": "f1-score",
    "precision": 0.0,
    "recall": 0.0,
    "f1_score": 0.0
  },
  "Q2": {
    "query_id": "2",
    "status": "success",
    "execution_time": 45.22048091888428,
    "token_usage": 12997490,
    "money_cost": 3.9631526,
    "row_count": 34,
    "model_name": "gemini-2.5-flash",
    "concurrent_llm_worker": 20,
    "accuracy": 0.20512820512820512,
    "metric_type": "f1-score",
    "precision": 0.11764705882352941,
    "recall": 0.8,
    "f1_score": 0.20512820512820512
  },
  "Q3": {
    "query_id": "3",
    "status": "success",
    "execution_time": 19.263342142105103,
    "token_usage": 141961,
    "money_cost": 0.12133950000000002,
    "row_count": 493,
    "model_name": "gemini-2.5-flash",
    "concurrent_llm_worker": 20,
    "accuracy": 0.9708333302826184,
    "metric_type": "adjusted-rand-index"
  },
  "Q4": {
    "query_id": "4",
    "status": "success",
    "execution_time": 29.45875096321106,
    "token_usage": 734262,
    "money_cost": 0.3711348,
    "row_count": 285,
    "model_name": "gemini-2.5-flash",
    "concurrent_llm_worker": 20,
    "accuracy": 0.6515812022534644,
    "metric_type": "adjusted-rand-index"
  },
  "Q5": {
    "query_id": "5",
    "status": "success",
    "execution_time": 21.54714012145996,
    "token_usage": 156353,
    "money_cost": 0.16930950000000003,
    "row_count": 219,
    "model_name": "gemini-2.5-flash",
    "concurrent_llm_worker": 20,
    "accuracy": 0.9800354654638267,
    "metric_type": "adjusted-rand-index"
  },
  "Q6": {
    "query_id": "6",
    "status": "success",
    "execution_time": 45.38015079498291,
    "token_usage": 690053,
    "money_cost": 0.35206190000000004,
    "row_count": 219,
    "model_name": "gemini-2.5-flash",
    "concurrent_llm_worker": 20,
    "accuracy": 0.862963913863378,
    "metric_type": "adjusted-rand-index"
  },
  "Q7": {
    "query_id": "7",
    "status": "success",
    "execution_time": 44.12075638771057,
    "token_usage": 2626408,
    "money_cost": 0.8628544,
    "row_count": 201,
    "model_name": "gemini-2.5-flash",
    "concurrent_llm_worker": 20,
    "accuracy": 0.8289855072463768,
    "metric_type": "f1-score",
    "precision": 0.7114427860696517,
    "recall": 0.9930555555555556,
    "f1_score": 0.8289855072463768
  },
  "Q8": {
    "query_id": "8",
    "status": "success",
    "execution_time": 141.04714703559875,
    "token_usage": 60127866,
    "money_cost": 18.2302614,
    "row_count": 18,
    "model_name": "gemini-2.5-flash",
    "concurrent_llm_worker": 20,
    "accuracy": 0.2857142857142857,
    "metric_type": "f1-score",
    "precision": 0.16666666666666666,
    "recall": 1.0,
    "f1_score": 0.2857142857142857
  },
  "Q9": {
    "query_id": "9",
    "status": "success",
    "execution_time": 86.36761593818665,
    "token_usage": 660664,
    "money_cost": 0.21003519999999998,
    "row_count": 32,
    "model_name": "gemini-2.5-flash",
    "concurrent_llm_worker": 20,
    "accuracy": 0.5789473684210527,
    "metric_type": "f1-score",
    "precision": 0.4230769230769231,
    "recall": 0.9166666666666666,
    "f1_score": 0.5789473684210527
  }
}