{
  "Q1": {
    "query_id": 1,
    "status": "success",
    "execution_time": 32.92676019668579,
    "token_usage": 111684,
    "money_cost": 0.2884687500000076,
    "row_count": 5,
    "model_name": "gemini-2.5-pro",
    "concurrent_llm_worker": 20,
    "precision": 1.0,
    "recall": 1.0,
    "f1_score": 1.0
  },
  "Q2": {
    "query_id": 2,
    "status": "success",
    "execution_time": 16.792702436447144,
    "token_usage": 6462,
    "money_cost": 0.01737874999999998,
    "row_count": 5,
    "model_name": "gemini-2.5-pro",
    "concurrent_llm_worker": 20,
    "precision": 1.0,
    "recall": 1.0,
    "f1_score": 1.0
  },
  "Q3": {
    "query_id": 3,
    "status": "success",
    "execution_time": 23.46874737739563,
    "token_usage": 6510,
    "money_cost": 0.017552499999999985,
    "row_count": 1,
    "model_name": "gemini-2.5-pro",
    "concurrent_llm_worker": 20,
    "relative_error": 0.5714285714285714,
    "absolute_error": 8.0,
    "mean_absolute_percentage_error": 57.14285714285714
  },
  "Q4": {
    "query_id": 4,
    "status": "success",
    "execution_time": 18.93556833267212,
    "token_usage": 6506,
    "money_cost": 0.017512499999999983,
    "row_count": 1,
    "model_name": "gemini-2.5-pro",
    "concurrent_llm_worker": 20,
    "relative_error": 0.5714285969734192,
    "absolute_error": 0.06666666716337204,
    "mean_absolute_percentage_error": 57.14285969734192
  },
  "Q5": {
    "query_id": 5,
    "status": "success",
    "execution_time": 76.96603584289551,
    "token_usage": 2685615,
    "money_cost": 4.789612499999782,
    "row_count": 10,
    "model_name": "gemini-2.5-pro",
    "concurrent_llm_worker": 20,
    "precision": 0.9,
    "recall": 0.9,
    "f1_score": 0.9
  },
  "Q6": {
    "query_id": 6,
    "status": "success",
    "execution_time": 75.25675797462463,
    "token_usage": 2663222,
    "money_cost": 4.7505437500000465,
    "row_count": 10,
    "model_name": "gemini-2.5-pro",
    "concurrent_llm_worker": 20,
    "precision": 0.8888888888888888,
    "recall": 0.8,
    "f1_score": 0.8421052631578948
  },
  "Q7": {
    "query_id": 7,
    "status": "success",
    "execution_time": 734.9998977184296,
    "token_usage": 8679560,
    "money_cost": 15.480019999999747,
    "row_count": 22892,
    "model_name": "gemini-2.5-pro",
    "concurrent_llm_worker": 20,
    "precision": 0.8070766638584668,
    "recall": 0.7023460410557185,
    "f1_score": 0.751078008624069
  },
  "Q8": {
    "query_id": 8,
    "status": "success",
    "execution_time": 16.097932815551758,
    "token_usage": 6510,
    "money_cost": 0.01755249999999999,
    "row_count": 2,
    "model_name": "gemini-2.5-pro",
    "concurrent_llm_worker": 20,
    "relative_error": 0.32345013477088946,
    "absolute_error": 16.0,
    "mean_absolute_percentage_error": 32.34501347708895
  },
  "Q9": {
    "query_id": 9,
    "status": "success",
    "execution_time": 27.501843214035034,
    "token_usage": 49796,
    "money_cost": 0.07869500000000001,
    "row_count": 256,
    "model_name": "gemini-2.5-pro",
    "concurrent_llm_worker": 20,
    "spearman_correlation": 0.7874674680382862,
    "kendall_tau": 0.6837864405399832
  },
  "Q10": {
    "query_id": 10,
    "status": "success",
    "execution_time": 54.463027238845825,
    "token_usage": 362413,
    "money_cost": 0.585823750000001,
    "row_count": 105,
    "model_name": "gemini-2.5-pro",
    "concurrent_llm_worker": 20,
    "spearman_correlation": 0.43988190055306003,
    "kendall_tau": 0.3125560292336226
  }
}