{
  "Q1": {
    "query_id": 1,
    "status": "success",
    "execution_time": 28.149851083755493,
    "token_usage": 384155,
    "money_cost": 0.7487497000000001,
    "row_count": 5,
    "model_name": "gemini-2.5-flash",
    "concurrent_llm_worker": 20,
    "precision": 1.0,
    "recall": 1.0,
    "f1_score": 1.0
  },
  "Q2": {
    "query_id": 2,
    "status": "success",
    "execution_time": 11.098788022994995,
    "token_usage": 21327,
    "money_cost": 0.0414639,
    "row_count": 5,
    "model_name": "gemini-2.5-flash",
    "concurrent_llm_worker": 20,
    "precision": 1.0,
    "recall": 1.0,
    "f1_score": 1.0
  },
  "Q3": {
    "query_id": 3,
    "status": "success",
    "execution_time": 12.091474533081055,
    "token_usage": 21597,
    "money_cost": 0.042037700000000004,
    "row_count": 1,
    "model_name": "gemini-2.5-flash",
    "concurrent_llm_worker": 20,
    "relative_error": 0.5714285714285714,
    "absolute_error": 8.0,
    "mean_absolute_percentage_error": 57.14285714285714
  },
  "Q4": {
    "query_id": 4,
    "status": "success",
    "execution_time": 11.623000621795654,
    "token_usage": 21597,
    "money_cost": 0.042037700000000004,
    "row_count": 1,
    "model_name": "gemini-2.5-flash",
    "concurrent_llm_worker": 20,
    "relative_error": 0.5714285969734192,
    "absolute_error": 0.06666666716337204,
    "mean_absolute_percentage_error": 57.14285969734192
  },
  "Q5": {
    "query_id": 5,
    "status": "success",
    "execution_time": 59.631367444992065,
    "token_usage": 9142583,
    "money_cost": 17.3098967,
    "row_count": 10,
    "model_name": "gemini-2.5-flash",
    "concurrent_llm_worker": 20,
    "precision": 1.0,
    "recall": 1.0,
    "f1_score": 1.0
  },
  "Q6": {
    "query_id": 6,
    "status": "success",
    "execution_time": 61.39380097389221,
    "token_usage": 8034453,
    "money_cost": 14.585978500000001,
    "row_count": 10,
    "model_name": "gemini-2.5-flash",
    "concurrent_llm_worker": 20,
    "precision": 0.8888888888888888,
    "recall": 0.8,
    "f1_score": 0.8421052631578948
  },
  "Q7": {
    "query_id": 7,
    "status": "success",
    "execution_time": 264.9718174934387,
    "token_usage": 28511162,
    "money_cost": 53.3471306,
    "row_count": 30900,
    "model_name": "gemini-2.5-flash",
    "concurrent_llm_worker": 20,
    "precision": 0.7311353610401672,
    "recall": 0.7695503421309873,
    "f1_score": 0.7498511727586616
  },
  "Q8": {
    "query_id": 8,
    "status": "success",
    "execution_time": 11.109306573867798,
    "token_usage": 21597,
    "money_cost": 0.042037700000000004,
    "row_count": 2,
    "model_name": "gemini-2.5-flash",
    "concurrent_llm_worker": 20,
    "relative_error": 0.32345013477088946,
    "absolute_error": 16.0,
    "mean_absolute_percentage_error": 32.34501347708895
  },
  "Q9": {
    "query_id": 9,
    "status": "success",
    "execution_time": 23.013404846191406,
    "token_usage": 180076,
    "money_cost": 0.34477480000000005,
    "row_count": 256,
    "model_name": "gemini-2.5-flash",
    "concurrent_llm_worker": 20,
    "spearman_correlation": 0.7633322397759168,
    "kendall_tau": 0.6529782796513605
  },
  "Q10": {
    "query_id": 10,
    "status": "success",
    "execution_time": 37.65816569328308,
    "token_usage": 1136865,
    "money_cost": 2.0782455000000004,
    "row_count": 105,
    "model_name": "gemini-2.5-flash",
    "concurrent_llm_worker": 20,
    "spearman_correlation": 0.4353797640207238,
    "kendall_tau": 0.31304038415376195
  }
}