{
  "Q1": {
    "query_id": 1,
    "status": "success",
    "execution_time": 24.5959792137146,
    "token_usage": 109376,
    "money_cost": 0.0460128,
    "row_count": 324,
    "model_name": "gemini-2.5-flash",
    "concurrent_llm_worker": 20,
    "precision": 0.12345679012345678,
    "recall": 0.8,
    "f1_score": 0.213903743315508
  },
  "Q2": {
    "query_id": 2,
    "status": "success",
    "execution_time": 16.235535860061646,
    "token_usage": 161488,
    "money_cost": 0.1515424,
    "row_count": 0,
    "model_name": "gemini-2.5-flash",
    "concurrent_llm_worker": 20,
    "precision": 0.0,
    "recall": 0.0,
    "f1_score": 0.0
  },
  "Q3": {
    "query_id": 3,
    "status": "success",
    "execution_time": 41.302568674087524,
    "token_usage": 8604543,
    "money_cost": 2.6524339,
    "row_count": 5,
    "model_name": "gemini-2.5-flash",
    "concurrent_llm_worker": 20,
    "precision": 1.0,
    "recall": 1.0,
    "f1_score": 1.0
  },
  "Q4": {
    "query_id": 4,
    "status": "success",
    "execution_time": 24.79326868057251,
    "token_usage": 109376,
    "money_cost": 0.0460128,
    "row_count": 1,
    "model_name": "gemini-2.5-flash",
    "concurrent_llm_worker": 20,
    "relative_error": 0.03047623622085063,
    "absolute_error": 1.9523076923076914,
    "mean_absolute_percentage_error": 3.0476236220850628
  },
  "Q5": {
    "query_id": 5,
    "status": "success",
    "execution_time": 124.19342708587646,
    "token_usage": 18033415,
    "money_cost": 5.6606195,
    "row_count": 1,
    "model_name": "gemini-2.5-flash",
    "concurrent_llm_worker": 20,
    "relative_error": 1.0,
    "absolute_error": 1.0,
    "mean_absolute_percentage_error": 100.0
  },
  "Q6": {
    "query_id": 6,
    "status": "success",
    "execution_time": 30.754283905029297,
    "token_usage": 526449,
    "money_cost": 0.1756007,
    "row_count": 63,
    "model_name": "gemini-2.5-flash",
    "concurrent_llm_worker": 20,
    "precision": 0.9682539682539683,
    "recall": 0.21328671328671328,
    "f1_score": 0.34957020057306587
  },
  "Q7": {
    "query_id": 7,
    "status": "success",
    "execution_time": 71.91954255104065,
    "token_usage": 10365663,
    "money_cost": 3.2345045,
    "row_count": 8219,
    "model_name": "gemini-2.5-flash",
    "concurrent_llm_worker": 20,
    "precision": 0.8470616863365373,
    "recall": 0.9167764024229655,
    "f1_score": 0.8805413267564662
  },
  "Q8": {
    "query_id": 8,
    "status": "success",
    "execution_time": 33.86947464942932,
    "token_usage": 1060461,
    "money_cost": 0.3538113,
    "row_count": 100,
    "model_name": "gemini-2.5-flash",
    "concurrent_llm_worker": 20,
    "precision": 0.53,
    "recall": 0.53,
    "f1_score": 0.53
  },
  "Q9": {
    "query_id": 9,
    "status": "success",
    "execution_time": 27.791680574417114,
    "token_usage": 907338,
    "money_cost": 0.28935039999999995,
    "row_count": 969,
    "model_name": "gemini-2.5-flash",
    "concurrent_llm_worker": 20,
    "precision": 0.4117647058823529,
    "recall": 0.8507462686567164,
    "f1_score": 0.5549374130737135
  },
  "Q10": {
    "query_id": 10,
    "status": "success",
    "execution_time": 25.134194135665894,
    "token_usage": 268949,
    "money_cost": 0.09142729999999999,
    "row_count": 1200,
    "model_name": "gemini-2.5-flash",
    "concurrent_llm_worker": 20,
    "precision": 0.5639099617898021,
    "recall": 0.5496296296296296,
    "f1_score": 0.5251229308085561
  }
}