{
  "Q1": {
    "query_id": "1",
    "status": "success",
    "execution_time": 4.4823384284973145,
    "token_usage": 6680.0,
    "money_cost": 0.0027146000000000006,
    "row_count": 1,
    "model_name": "gemini-2.5-flash",
    "concurrent_llm_worker": 20,
    "precision": 1.0,
    "recall": 1.0,
    "f1_score": 1.0
  },
  "Q2a": {
    "query_id": "2a",
    "status": "success",
    "execution_time": 138.14807844161987,
    "token_usage": 3392814.0,
    "money_cost": 1.0350042000000124,
    "row_count": 5,
    "model_name": "gemini-2.5-flash",
    "concurrent_llm_worker": 20,
    "precision": 1.0,
    "recall": 1.0,
    "f1_score": 1.0
  },
  "Q2b": {
    "query_id": "2b",
    "status": "success",
    "execution_time": 136.01240921020508,
    "token_usage": 3399659.0,
    "money_cost": 1.0372557000000084,
    "row_count": 5,
    "model_name": "gemini-2.5-flash",
    "concurrent_llm_worker": 20,
    "precision": 1.0,
    "recall": 1.0,
    "f1_score": 1.0
  },
  "Q3a": {
    "query_id": "3a",
    "status": "success",
    "execution_time": 3.9774978160858154,
    "token_usage": 66765.0,
    "money_cost": 0.021349499999999997,
    "row_count": 17,
    "model_name": "gemini-2.5-flash",
    "concurrent_llm_worker": 20,
    "precision": 0.7058823529411765,
    "recall": 0.9230769230769231,
    "f1_score": 0.8000000000000002
  },
  "Q3f": {
    "query_id": "3f",
    "status": "success",
    "execution_time": 7.484766960144043,
    "token_usage": 74565.0,
    "money_cost": 0.023689499999999985,
    "row_count": 3,
    "model_name": "gemini-2.5-flash",
    "concurrent_llm_worker": 20,
    "precision": 1.0,
    "recall": 1.0,
    "f1_score": 1.0
  },
  "Q4": {
    "query_id": "4",
    "status": "success",
    "execution_time": 1.1166107654571533,
    "token_usage": 12386.0,
    "money_cost": 0.0047762,
    "row_count": 24,
    "model_name": "gemini-2.5-flash",
    "concurrent_llm_worker": 20,
    "precision": 0.5238095238095238,
    "recall": 0.5641025641025641,
    "f1_score": 0.5432098765432098
  },
  "Q5": {
    "query_id": "5",
    "status": "success",
    "execution_time": 0.4374566078186035,
    "token_usage": 3991.0,
    "money_cost": 0.0012391,
    "row_count": 1,
    "model_name": "gemini-2.5-flash",
    "concurrent_llm_worker": 20,
    "precision": 1.0,
    "recall": 1.0,
    "f1_score": 1.0
  },
  "Q6a": {
    "query_id": "6a",
    "status": "success",
    "execution_time": 3.948298454284668,
    "token_usage": 47837.0,
    "money_cost": 0.015671100000000014,
    "row_count": 1,
    "model_name": "gemini-2.5-flash",
    "concurrent_llm_worker": 20,
    "precision": 1.0,
    "recall": 1.0,
    "f1_score": 1.0
  },
  "Q6b": {
    "query_id": "6b",
    "status": "success",
    "execution_time": 4.000457048416138,
    "token_usage": 47837.0,
    "money_cost": 0.015671100000000014,
    "row_count": 1,
    "model_name": "gemini-2.5-flash",
    "concurrent_llm_worker": 20,
    "precision": 1.0,
    "recall": 1.0,
    "f1_score": 1.0
  },
  "Q6c": {
    "query_id": "6c",
    "status": "success",
    "execution_time": 4.184097528457642,
    "token_usage": 47837.0,
    "money_cost": 0.015671100000000018,
    "row_count": 5,
    "model_name": "gemini-2.5-flash",
    "concurrent_llm_worker": 20,
    "precision": 1.0,
    "recall": 1.0,
    "f1_score": 1.0
  },
  "Q7": {
    "query_id": "7",
    "status": "success",
    "execution_time": 2122.646087169647,
    "token_usage": 51281733.0,
    "money_cost": 15.648513299998475,
    "row_count": 37,
    "model_name": "gemini-2.5-flash",
    "concurrent_llm_worker": 20,
    "precision": 0.18518518518518517,
    "recall": 1.0,
    "f1_score": 0.3125
  }
}